delivery_id,order_id,driver_id,vehicle_id,hub_id,dispatch_time,delivery_completed_at,delivery_status,route_distance_km,manual_route_override_count,proof_of_completion_missing,customer_rating_post_delivery,fuel_or_charge_cost
DL00001,O00938,D004,V056,H05,18/06/2024 10:57,05:59.9,Failed,17.26,1,0,3.07,12.05
DL00002,O00004,D138,V007,H02,11/01/2025 18:45,39:00.0,OnTime,10.34,1,0,5,13.41
DL00003,O00639,D006,V049,H02,02/06/2025 20:39,45:32.4,OnTime,7.92,0,0,4.98,8.51
DL00004,O00313,D116,V055,H02,08/03/2024 23:31,30:08.1,Delayed,16.42,0,0,4.18,13.62
DL00005,O00844,D108,V034,H01,21/09/2025 11:43,45:34.1,OnTime,14.52,1,0,4.18,9.22
DL00006,O00029,D037,V098,H03,11/09/2024 12:40,11:52.4,Delayed,13.84,0,0,1.57,9.58
DL00007,O00097,D151,V037,H07,09/01/2024 13:41,39:11.1,Delayed,32.72,0,0,4.64,17.7
DL00008,O00207,D082,V066,H03,22/08/2024 21:34,22:21.5,OnTime,7.16,1,0,3.76,11.66
DL00009,O00297,D088,V029,H05,12/04/2024 21:33,18:52.7,OnTime,40.230000000000004,1,0,3.7,15.78
DL00010,O00836,D058,V057,H08,22/09/2025 19:09,15:29.2,Failed,9.85,1,0,3.2,9.31
DL00011,O00202,D074,V117,H04,02/02/2024 3:09,29:05.4,OnTime,13.85,0,0,4.36,15.17
DL00012,O01207,D051,V017,H05,26/12/2024 19:41,26:05.4,Failed,16.96,3,0,,16.98
DL00013,O01031,D105,V085,H04,26/01/2025 8:29,33:30.8,OnTime,6.01,2,0,3.96,11.52
DL00014,O00725,D102,V008,H05,07/05/2024 12:40,50:43.8,OnTime,16.46,0,0,3.67,11.74
DL00015,O00394,D067,V056,H04,16/08/2024 22:47,15:56.1,OnTime,26.58,3,0,4.47,21.64
DL00016,O01220,D010,V091,H08,12/06/2025 1:47,51:00.8,OnTime,18.25,1,0,5,12.61
DL00017,O01249,D002,V008,H05,25/08/2024 18:26,05:42.1,Delayed,20.79,0,0,1,15.62
DL00018,O00611,D011,V001,H01,29/07/2025 10:52,54:19.9,OnTime,13.67,0,0,4.46,16.18
DL00019,O01167,D026,V004,H06,25/06/2024 23:58,52:41.3,OnTime,16.35,4,0,4.97,13.97
DL00020,O00054,D157,V065,H01,29/03/2025 12:59,40:37.8,OnTime,24.31,0,0,4.15,12.61
DL00021,O00250,D117,V081,H08,24/04/2025 14:20,20:52.9,OnTime,9.77,4,0,4.07,6.43
DL00022,O01027,D088,V011,H07,24/08/2025 0:21,25:39.7,Failed,15.81,0,0,3.5,15.62
DL00023,O00768,D046,V021,H08,12/06/2025 1:16,37:11.4,OnTime,4.29,1,0,5,2.5
DL00024,O01054,D045,V029,H02,19/08/2025 14:33,11:44.6,OnTime,8.58,0,0,4.78,14.62
DL00025,O00288,D130,V098,H04,08/09/2025 19:57,37:15.7,OnTime,7.41,0,0,5,7.2
DL00026,O00906,D092,V055,H04,04/02/2025 11:16,48:45.8,Failed,14.27,2,0,2.23,10.04
DL00027,O00827,D057,V054,H02,01/01/2024 3:20,13:30.9,OnTime,13.27,0,0,4.15,9.05
DL00028,O00087,D165,V022,H08,12/11/2024 15:52,15:00.4,Delayed,15.53,2,0,2.7,13.05
DL00029,O00723,D126,V086,H07,15/05/2024 6:49,38:00.0,OnTime,9.43,1,0,3.72,8.72
DL00030,O00780,D034,V068,H03,16/06/2024 18:57,22:12.5,OnTime,7.71,1,0,4.1,16.42
DL00031,O00830,D037,V061,H01,23/07/2025 23:32,21:38.2,OnTime,12.06,0,0,4.1,14.98
DL00032,O00010,D045,V010,H08,29/01/2025 2:58,57:46.3,OnTime,15.58,1,0,4.23,13.75
DL00033,O00885,D041,V075,H06,17/11/2024 14:01,51:25.2,Failed,11.72,0,1,4.13,18.12
DL00034,O01081,D157,V110,H04,18/06/2025 12:01,14:57.1,Delayed,14.68,0,0,4.4,9.44
DL00035,O00275,D015,V038,H07,21/05/2025 21:35,56:14.9,OnTime,22.05,0,0,4.96,14.78
DL00036,O00652,D158,V106,H06,08/11/2024 22:14,09:13.0,OnTime,15.77,1,0,4.35,13.68
DL00037,O00185,D010,V113,H05,15/05/2025 2:24,10:07.7,OnTime,23.49,1,0,4.21,11.21
DL00038,O00727,D096,V002,H02,26/10/2025 15:31,43:11.5,Failed,8.82,2,0,3.43,13.21
DL00039,O00542,D090,V034,H08,26/07/2025 15:58,22:45.7,Failed,17.13,1,0,2.51,16.3
DL00040,O00919,D027,V036,H04,01/02/2025 8:38,04:35.3,Failed,9.53,1,0,1.68,11.11
DL00041,O00750,D100,V057,H08,01/02/2024 8:58,53:37.4,Failed,15.88,3,1,2.94,13.19
DL00042,O00009,D146,V020,H01,04/10/2024 1:05,49:54.3,OnTime,12.02,0,0,4.45,11.41
DL00043,O00453,D110,V039,H07,04/12/2024 15:46,31:28.6,OnTime,11.94,0,0,4.24,11.81
DL00044,O00147,D049,V020,H01,12/07/2024 9:47,20:42.9,OnTime,4.63,0,0,4.34,12.87
DL00045,O00924,D157,V051,H08,07/11/2025 0:32,03:01.6,OnTime,10.61,1,0,5,14.13
DL00046,O00101,D088,V046,H05,30/10/2025 7:35,59:41.4,OnTime,5.53,2,0,3.09,11.27
DL00047,O00263,D045,V091,H06,19/02/2024 4:07,46:04.7,OnTime,16.33,0,0,5,10.25
DL00048,O00358,D045,V093,H05,20/03/2024 13:40,11:50.9,Delayed,7.37,0,0,3.33,14.67
DL00049,O01076,D091,V018,H02,29/09/2024 1:23,46:30.3,OnTime,12.55,0,0,3.52,6.93
DL00050,O00534,D065,V046,H06,05/09/2025 5:03,24:00.0,OnTime,26.85,0,0,5,14.34
DL00051,O00785,D150,V055,H07,31/12/2025 17:27,05:52.4,OnTime,8.02,0,0,4.31,14.59
DL00052,O00554,D168,V020,H08,06/05/2025 10:37,57:25.3,Delayed,26.380000000000003,1,1,2.52,24.54
DL00053,O00302,D018,V099,H01,10/07/2025 18:38,06:29.6,OnTime,14.14,0,0,3.63,10.32
DL00054,O01044,D117,V079,H01,14/02/2025 7:41,37:54.2,Delayed,29.799999999999997,1,0,4.7,22.28
DL00055,O00819,D069,V018,H04,28/04/2025 21:37,45:04.6,Delayed,35.07,5,1,2.78,22.2
DL00056,O00698,D137,V081,H08,22/10/2024 21:45,00:19.3,OnTime,13.46,2,0,4.01,6.52
DL00057,O00921,D141,V077,H04,09/12/2024 10:53,18:39.8,Failed,10.91,0,0,1.22,6.59
DL00058,O01062,D125,V082,H02,26/10/2024 18:46,22:57.9,OnTime,15.33,0,0,5,7.95
DL00059,O00521,D027,V088,H05,26/11/2025 14:07,49:47.4,Delayed,36.28,3,0,3.11,17.45
DL00060,O00236,D005,V026,H02,26/11/2024 16:01,,Delayed,13.92,1,1,2.35,9.48
DL00061,O00635,D083,V059,H08,06/12/2024 6:18,02:21.5,OnTime,10.51,1,0,3.8,10.6
DL00062,O00567,D061,V007,H02,24/02/2024 16:31,31:54.3,OnTime,1.2,0,0,5,7.32
DL00063,O00931,D154,V094,H03,07/03/2024 11:20,02:37.9,OnTime,15.95,0,0,5,14.6
DL00064,O01236,D075,V004,H03,30/05/2025 0:35,36:22.9,Delayed,10.36,0,0,2.34,7.13
DL00065,O01234,D050,V065,H01,24/02/2024 1:55,52:27.1,OnTime,1.67,1,0,4.63,6.2
DL00066,O00568,D118,V083,H01,19/12/2025 20:41,15:32.8,OnTime,22.39,0,0,4.03,18.25
DL00067,O00842,D152,V023,H01,04/07/2025 4:43,29:14.6,OnTime,12.34,1,0,4.61,11.04
DL00068,O00828,D104,V046,H08,19/02/2024 15:15,47:37.3,Failed,19.75,1,0,3.73,16.14
DL00069,O01039,D010,V074,H07,01/05/2025 11:46,43:03.2,Failed,16.76,1,0,4.17,10.73
DL00070,O00370,D018,V036,H07,21/11/2024 18:37,57:39.4,OnTime,16.35,0,0,4.64,18.11
DL00071,O00796,D093,V080,H02,28/01/2025 6:57,41:12.0,Delayed,20.37,1,0,3.57,18.14
DL00072,O00402,D110,V027,H05,20/11/2025 6:20,21:38.6,Delayed,28.51,0,0,3.28,15.11
DL00073,O00421,D141,V092,H08,23/07/2025 7:06,47:40.5,OnTime,19.34,3,0,4.68,17.54
DL00074,O01195,D030,V092,H04,04/01/2025 8:41,01:18.8,Failed,17.61,1,0,4.42,14.79
DL00075,O01239,D169,V047,H02,06/08/2024 4:24,22:04.3,OnTime,13.25,3,0,3.24,11.94
DL00076,O00815,D120,V004,H01,25/02/2024 17:02,44:41.6,OnTime,27.509999999999998,3,0,5,15.16
DL00077,O01040,D094,V067,H04,27/12/2025 22:16,51:46.0,Delayed,32.97,3,0,2.81,18.07
DL00078,O00173,D144,V088,H02,18/02/2025 8:26,34:49.2,Failed,10.92,1,0,2.87,9.05
DL00079,O00920,D009,V102,H08,01/08/2024 12:06,56:00.6,OnTime,7.18,0,0,4.91,12.79
DL00080,O01137,D030,V022,H04,14/10/2025 8:21,32:00.0,OnTime,16.29,0,0,4.42,14.17
DL00081,O00716,D166,V056,H04,22/10/2024 6:38,18:42.6,Delayed,9.77,1,1,3.58,12.68
DL00082,O00669,D008,V048,H03,15/07/2025 15:38,44:17.5,OnTime,3.98,1,0,4.76,5.86
DL00083,O00451,D053,V043,H05,15/02/2025 18:28,33:28.4,Delayed,2.13,0,0,1.44,11.27
DL00084,O00784,D063,V117,H05,07/03/2025 3:24,43:35.3,Failed,6.83,0,0,3.63,9.07
DL00085,O00160,D127,V032,H06,20/08/2024 19:18,,OnTime,9.49,5,0,3.85,16.32
DL00086,O01013,D159,V063,H02,22/08/2025 17:32,39:11.3,OnTime,17.4,0,0,3.75,12.23
DL00087,O00630,D034,V099,H07,28/03/2025 15:08,28:40.0,OnTime,17.98,0,0,4.11,13.23
DL00088,O00657,D088,V043,H04,28/02/2024 23:43,16:11.4,OnTime,5.99,0,0,4.43,2.5
DL00089,O00241,D010,V112,H03,01/04/2025 15:27,28:34.3,Failed,8.27,0,0,2.56,6.94
DL00090,O01097,D027,V065,H04,14/07/2024 23:21,00:31.8,OnTime,33.86,3,0,4.76,24.2
DL00091,O00941,D116,V044,H04,12/08/2024 15:04,48:31.8,OnTime,14.47,0,0,5,10.57
DL00092,O00736,D105,V016,H01,25/01/2024 0:39,47:51.4,OnTime,7.66,1,0,4.72,8.17
DL00093,O00579,D028,V032,H05,05/09/2025 12:14,49:10.4,OnTime,19.68,3,0,3.69,18.64
DL00094,O01026,D034,V012,H04,26/05/2025 22:56,41:42.0,Delayed,4.66,0,0,3.72,16.6
DL00095,O00416,D031,V005,H08,07/01/2024 23:00,37:11.6,OnTime,28.69,1,0,5,13.48
DL00096,O00961,D077,V110,H01,18/03/2025 16:23,,Delayed,1.2,0,0,3.24,2.61
DL00097,O00794,D170,V109,H07,16/07/2024 22:51,52:17.4,Failed,10.54,1,0,3.58,3.56
DL00098,O00631,D004,V072,H07,05/07/2025 9:16,47:44.2,Failed,3.86,1,0,4.43,15.58
DL00099,O00835,D127,V093,H01,26/05/2024 18:57,53:38.9,OnTime,5.6,2,0,4.75,13.26
DL00100,O00205,D120,V097,H05,05/02/2025 16:42,09:53.7,Failed,8.64,0,0,3.14,13.47
DL00101,O00354,D141,V115,H06,02/12/2025 18:06,18:47.0,OnTime,21.63,0,0,4.12,14.3
DL00102,O00578,D031,V022,H02,04/03/2024 9:56,51:57.8,Delayed,9.18,0,0,3.08,11.31
DL00103,O00269,D004,V036,H04,01/12/2024 1:20,58:15.9,Failed,6.26,2,0,2.24,9.31
DL00104,O00390,D102,V111,H06,06/03/2024 12:50,08:19.1,OnTime,8.75,0,0,4.45,7.5
DL00105,O00596,D020,V043,H01,02/10/2025 4:09,54:51.6,OnTime,18.52,0,0,3.73,20.45
DL00106,O00039,D040,V015,H05,01/08/2025 8:30,18:45.0,OnTime,18.02,0,0,4.92,15.57
DL00107,O00175,D120,V074,H05,19/12/2025 20:22,26:01.8,OnTime,6.47,1,0,4.69,8.8
DL00108,O00620,D084,V009,H06,08/11/2024 1:38,02:54.8,OnTime,13.73,1,0,4.73,17.52
DL00109,O00019,D014,V083,H05,31/03/2024 9:02,20:28.9,OnTime,16.7,1,0,3.52,16.91
DL00110,O00045,D024,V042,H03,13/02/2024 21:24,15:37.4,OnTime,14.39,1,0,4.74,8.64
DL00111,O00105,D081,V090,H06,09/07/2024 23:17,43:25.1,OnTime,18.8,0,0,5,20.02
DL00112,O00848,D068,V049,H05,03/06/2025 14:51,37:51.7,OnTime,10.88,3,0,3.68,8.03
DL00113,O00607,D072,V083,H05,30/08/2025 19:15,58:56.0,OnTime,7.42,0,0,2.94,15.7
DL00114,O01196,D074,V114,H02,12/04/2024 3:31,47:55.7,Delayed,16.99,0,0,2.62,19.44
DL00115,O01132,D030,V116,H04,04/05/2025 1:04,53:19.4,OnTime,18.75,1,0,4.35,8.08
DL00116,O00121,D023,V047,H06,14/10/2025 13:45,06:51.7,Delayed,19.9,0,0,2.92,21.64
DL00117,O00559,D080,V119,H06,24/04/2025 8:49,39:56.7,Delayed,11.84,0,1,2.46,17.91
DL00118,O00660,D143,V004,H01,05/06/2024 1:27,05:09.7,Failed,11.45,3,0,2.16,8.94
DL00119,O01011,D076,V037,H03,28/02/2024 7:57,55:52.4,Failed,32.37,3,0,1.71,25.09
DL00120,O00007,D128,V047,H06,05/05/2024 22:10,05:17.6,Delayed,9.07,1,1,3.93,9.76
DL00121,O00091,D078,V100,H05,14/03/2024 2:36,52:56.8,OnTime,18.81,0,0,3.92,11.62
DL00122,O00434,D122,V092,H01,25/10/2025 21:25,15:00.0,OnTime,29.52,4,0,4.63,10.56
DL00123,O00284,D030,V025,H04,02/04/2024 13:26,11:28.2,OnTime,13.45,2,0,4.75,12.86
DL00124,O00210,D113,V040,H05,14/05/2024 20:07,02:59.1,OnTime,14.23,2,0,4.78,19.49
DL00125,O00472,D021,V109,H05,22/02/2024 10:05,39:44.1,OnTime,14.25,3,0,3.68,12.59
DL00126,O00547,D159,V001,H07,09/04/2024 14:36,11:28.1,Delayed,17.68,0,0,2.6,10.92
DL00127,O01072,D026,V099,H02,05/10/2024 0:19,08:10.1,Delayed,16.56,2,0,2.12,11.9
DL00128,O00868,D089,V099,H07,18/05/2024 16:31,54:46.9,OnTime,9.43,0,0,4.47,10.47
DL00129,O00425,D030,V078,H08,27/11/2024 8:41,07:10.3,OnTime,21.27,3,0,5,11.59
DL00130,O00400,D113,V042,H03,20/06/2025 8:41,30:11.0,OnTime,17.1,0,0,3.87,13.53
DL00131,O00890,D037,V096,H07,05/07/2025 10:26,48:04.9,OnTime,16.59,0,0,4.33,3.25
DL00132,O00688,D058,V061,H03,25/04/2024 8:29,02:10.1,OnTime,19.79,0,0,4.62,5.66
DL00133,O00761,D083,V070,H03,12/08/2025 5:33,33:17.8,OnTime,17.73,1,0,3.29,10.88
DL00134,O00334,D135,V071,H03,23/05/2024 12:01,46:57.1,OnTime,13.27,0,0,3.88,7.63
DL00135,O00225,D069,V075,H03,28/07/2025 4:31,14:21.6,Failed,10.34,2,0,3.6,9.3
DL00136,O00527,D032,V106,H06,05/04/2024 6:41,08:14.2,OnTime,4.06,1,0,4.45,5.7
DL00137,O01216,D053,V109,H07,28/08/2025 20:12,36:59.0,Delayed,13.46,2,0,2.72,11.11
DL00138,O00705,D019,V071,H04,09/09/2025 22:58,00:03.4,OnTime,11.23,2,0,4.75,15.22
DL00139,O01215,D140,V084,H05,05/08/2025 3:23,37:39.1,OnTime,12.23,0,0,3.57,13.59
DL00140,O00656,D079,V050,H06,08/01/2025 0:27,59:38.1,Delayed,15.69,0,1,2.23,11.96
DL00141,O00021,D166,V094,H04,16/10/2024 12:41,59:34.2,OnTime,10.45,1,0,4.77,7.89
DL00142,O00612,D158,V016,H08,19/05/2025 20:32,33:52.0,OnTime,4.04,2,0,3.27,15.78
DL00143,O00757,D026,V051,H04,22/02/2025 8:56,28:42.0,Delayed,22.37,0,0,3.64,19.33
DL00144,O00170,D016,V016,H06,24/06/2024 9:02,42:51.2,OnTime,25.979999999999997,4,0,4.84,27.38
DL00145,O00668,D155,V081,H06,11/07/2025 0:42,33:45.6,OnTime,29.37,2,0,3.95,18.72
DL00146,O00058,D052,V094,H03,16/12/2025 6:56,52:51.3,OnTime,22.04,0,0,4.37,6.16
DL00147,O01116,D123,V017,H06,13/11/2024 14:46,29:47.1,OnTime,1.21,1,0,4.08,14.96
DL00148,O00817,D087,V120,H05,31/12/2025 9:02,10:07.3,OnTime,16.75,1,0,4.04,15.84
DL00149,O00789,D024,V099,H08,11/12/2024 13:03,56:25.0,OnTime,5.74,2,0,3.83,3.72
DL00150,O01164,D083,V042,H07,09/06/2025 18:46,04:10.9,Delayed,10.43,0,0,2.83,10.61
DL00151,O00376,D131,V048,H03,21/01/2025 9:34,14:52.4,OnTime,12.77,1,0,4.77,10.12
DL00152,O00146,D121,V047,H01,10/10/2025 1:22,11:11.3,OnTime,3.02,0,0,4.71,8.34
DL00153,O00893,D115,V007,H01,05/08/2024 8:55,10:16.1,Failed,12.85,1,0,3.96,15.21
DL00154,O00071,D018,V110,H08,01/09/2024 0:47,07:26.3,Failed,7.04,1,0,4.2,5.23
DL00155,O00061,D048,V052,H02,12/07/2024 3:31,43:58.7,OnTime,24.74,1,0,4.46,18.46
DL00156,O01086,D100,V085,H08,05/03/2024 21:40,03:18.7,Delayed,31.740000000000002,2,0,2.18,17.62
DL00157,O01089,D144,V040,H06,18/05/2025 5:27,03:36.6,OnTime,12.43,2,0,5,13.52
DL00158,O00643,D031,V072,H08,10/04/2025 19:05,26:34.0,Delayed,29.34,3,0,3.8,15.45
DL00159,O00213,D120,V020,H05,05/12/2024 20:07,13:18.7,OnTime,11.73,0,0,5,21.25
DL00160,O00874,D108,V085,H04,15/06/2024 16:06,00:31.8,OnTime,16.67,1,0,5,9.13
DL00161,O00624,D055,V098,H01,13/04/2025 4:37,10:40.3,OnTime,16.98,0,0,4.28,11.8
DL00162,O00854,D122,V071,H02,01/09/2024 4:30,10:42.0,OnTime,25.939999999999998,0,0,4.84,11.4
DL00163,O01007,D121,V056,H07,24/09/2024 8:50,30:25.9,Delayed,9.31,0,0,2.51,8.76
DL00164,O00066,D045,V120,H03,21/06/2024 11:36,46:30.9,OnTime,17.31,0,0,3.9,17.53
DL00165,O00852,D006,V022,H03,13/07/2025 18:06,22:13.7,Delayed,8.64,0,1,4.55,2.5
DL00166,O00904,D091,V017,H04,25/05/2024 20:26,51:28.1,Failed,24.07,0,0,2.08,13.51
DL00167,O00932,D116,V069,H08,01/10/2024 7:37,14:50.1,Failed,19.439999999999998,0,0,2.56,13.3
DL00168,O00126,D100,V066,H01,26/05/2024 9:29,28:20.2,Delayed,30.51,2,0,4.3,18.34
DL00169,O00996,D037,V115,H07,26/04/2025 7:29,46:10.1,OnTime,10.5,2,0,4.08,10.38
DL00170,O00363,D020,V093,H04,04/06/2025 3:57,40:45.8,OnTime,10.59,0,0,4.07,10.74
DL00171,O01055,D096,V085,H07,13/08/2025 19:47,52:05.5,OnTime,23.42,1,0,4.35,13.6
DL00172,O00127,D132,V106,H06,08/11/2025 4:29,24:08.2,Delayed,13.58,2,1,4.36,11.2
DL00173,O00459,D131,V026,H08,28/11/2025 8:52,17:47.3,Delayed,15.37,0,0,3.88,6.1
DL00174,O00162,D020,V066,H07,14/12/2025 4:21,45:39.0,OnTime,9.9,2,0,4.18,9.86
DL00175,O00583,D036,V118,H03,17/04/2025 21:40,57:45.6,OnTime,15.62,1,0,3.93,9.26
DL00176,O01200,D061,V116,H05,23/02/2024 8:31,20:44.3,OnTime,16.02,0,0,4.36,16.67
DL00177,O00164,D123,V045,H01,23/03/2024 14:11,34:32.6,OnTime,8.31,0,0,4.85,9.58
DL00178,O01166,D024,V052,H05,22/09/2025 12:46,06:17.6,Failed,13.01,2,1,3.36,6.79
DL00179,O00493,D016,V094,H08,20/05/2024 4:07,35:01.1,Delayed,9.15,1,0,2.32,12.14
DL00180,O00137,D135,V054,H08,14/03/2025 19:37,15:52.9,OnTime,19.65,0,0,4.25,14.94
DL00181,O00450,D073,V014,H02,25/08/2024 23:47,58:43.0,OnTime,12.74,1,0,5,14.37
DL00182,O00096,D071,V102,H04,13/07/2024 18:06,46:16.6,OnTime,7.62,0,0,4.64,14.41
DL00183,O00808,D049,V065,H05,06/09/2024 7:26,08:53.7,OnTime,15.14,0,0,4.23,13.23
DL00184,O01005,D023,V096,H07,01/05/2025 19:42,37:43.4,Failed,13.78,0,0,2.96,13.86
DL00185,O01217,D008,V065,H01,26/01/2024 0:13,26:56.5,OnTime,15.39,3,0,4.76,13.61
DL00186,O00798,D006,V081,H06,14/01/2024 4:23,07:14.8,OnTime,14.26,1,0,4.91,4.79
DL00187,O00439,D111,V069,H05,05/03/2024 22:08,17:27.9,Failed,17.61,1,0,1.53,16.92
DL00188,O00739,D008,V075,H08,13/04/2025 23:14,05:27.4,OnTime,5.37,0,0,5,5.73
DL00189,O01227,D011,V118,H06,05/11/2024 11:52,23:23.1,Failed,14.51,1,0,2.43,12.83
DL00190,O00875,D039,V003,H07,31/10/2025 23:21,44:27.2,OnTime,2.25,0,0,4.79,7.74
DL00191,O00755,D161,V006,H08,21/08/2025 5:02,04:57.2,OnTime,13.55,0,0,3.48,21.6
DL00192,O00118,D095,V112,H04,18/08/2025 22:16,23:10.6,OnTime,14.13,0,0,4.64,16.49
DL00193,O00032,D017,V013,H08,16/09/2025 0:28,38:00.0,OnTime,14.01,4,0,3.54,9.08
DL00194,O00422,D053,V110,H01,07/08/2025 9:57,44:40.5,Delayed,8.77,2,0,2.58,9.97
DL00195,O00462,D162,V028,H06,03/03/2025 20:56,39:20.2,Delayed,13,1,0,1.04,10.71
DL00196,O00469,D111,V009,H08,19/09/2024 0:27,29:59.9,OnTime,13.83,1,0,3.85,12.41
DL00197,O00478,D163,V053,H02,21/04/2025 0:07,03:50.9,OnTime,11.17,0,0,5,2.84
DL00198,O00465,D156,V111,H04,08/12/2024 7:33,46:07.6,Delayed,8.01,0,0,3.38,10.98
DL00199,O00821,D086,V088,H05,25/01/2025 3:15,28:34.4,OnTime,24.31,1,0,4.36,18.49
DL00200,O00406,D160,V106,H06,05/01/2025 13:23,10:14.8,OnTime,31.46,2,0,4.38,16.38
DL00201,O00008,D036,V041,H03,03/04/2024 20:22,46:56.6,OnTime,14.08,0,0,5,12.87
DL00202,O01057,D028,V054,H06,23/03/2025 12:38,02:58.6,Delayed,19.310000000000002,2,0,3.67,17.41
DL00203,O00901,D107,V086,H08,08/12/2025 9:18,36:10.6,Delayed,9.36,2,0,4.52,7.69
DL00204,O00025,D108,V062,H08,10/01/2025 22:15,19:27.7,OnTime,11.32,1,0,4.64,15.67
DL00205,O00375,D039,V024,H03,17/09/2024 23:26,13:34.4,OnTime,7.16,3,0,4.17,12.58
DL00206,O00634,D045,V107,H02,07/07/2024 14:19,45:48.0,OnTime,17.47,1,0,4.49,15.56
DL00207,O01035,D121,V114,H04,17/03/2024 0:24,31:20.5,OnTime,18.52,1,0,4.4,11.28
DL00208,O00964,D087,V018,H01,13/04/2024 3:27,30:31.5,Failed,21.73,0,1,3.09,13.36
DL00209,O01154,D057,V107,H06,05/09/2024 16:29,,OnTime,11.22,1,0,4.31,13.88
DL00210,O01191,D142,V016,H02,19/02/2024 19:24,40:57.5,Delayed,16.24,3,0,3.43,13.43
DL00211,O01017,D102,V006,H08,30/12/2025 15:47,01:17.4,OnTime,12.39,1,0,4.57,13.18
DL00212,O01105,D142,V041,H01,18/06/2025 18:46,15:30.2,Delayed,13.85,1,1,4.29,11.45
DL00213,O00807,D025,V073,H02,16/10/2025 7:59,10:20.2,OnTime,8.57,0,0,4.33,10.42
DL00214,O00552,D096,V010,H04,09/11/2025 3:20,33:06.8,OnTime,6.09,0,0,3.02,7.3
DL00215,O01042,D100,V102,H06,26/08/2024 13:15,07:20.1,Delayed,22,1,0,4.79,19.64
DL00216,O00167,D146,V019,H07,27/04/2024 21:19,51:44.0,OnTime,30.01,0,0,3.37,18.54
DL00217,O01194,D020,V030,H01,08/08/2024 1:50,09:07.2,OnTime,22.61,1,0,4.41,12.17
DL00218,O00136,D149,V010,H03,27/11/2024 17:12,54:50.9,Delayed,3.51,1,0,3.27,4.15
DL00219,O00513,D087,V118,H07,07/08/2024 5:33,00:38.6,OnTime,14.41,1,0,4.59,12.65
DL00220,O00859,D079,V107,H08,21/03/2024 3:17,59:51.0,OnTime,33.71,4,0,5,13.79
DL00221,O00594,D151,V092,H02,11/03/2024 21:43,58:44.2,OnTime,12.09,3,0,3.25,11.03
DL00222,O01010,D121,V045,H06,18/05/2024 21:01,50:57.9,OnTime,9.72,0,0,5,8.53
DL00223,O00740,D155,V085,H08,22/05/2024 15:11,28:55.8,Delayed,12.99,0,0,3.19,12.3
DL00224,O00960,D034,V040,H07,20/01/2025 3:14,27:00.0,OnTime,11.88,0,0,3.79,14.2
DL00225,O00056,D150,V044,H05,05/10/2025 20:44,53:02.1,OnTime,6.21,2,0,3.98,14.94
DL00226,O00823,D119,V030,H06,05/02/2025 21:33,56:16.0,Delayed,9.28,0,0,2.17,10.29
DL00227,O01138,D083,V114,H04,08/02/2024 18:51,38:04.0,OnTime,16.490000000000002,2,0,4.65,13.68
DL00228,O01094,D052,V085,H04,22/08/2024 11:22,34:21.0,OnTime,6.68,2,0,4.05,11.59
DL00229,O00518,D050,V036,H02,11/12/2025 2:26,40:02.5,OnTime,14.89,0,0,3.97,13.89
DL00230,O00303,D055,V037,H06,22/07/2025 5:41,56:58.4,Failed,14.85,1,0,2.34,13.21
DL00231,O00670,D014,V046,H05,27/03/2024 23:40,54:39.5,OnTime,13.07,0,0,4.72,3.86
DL00232,O00397,D050,V101,H06,18/06/2025 19:47,18:18.2,OnTime,29.8,1,0,3.71,14.58
DL00233,O01173,D094,V020,H04,08/02/2024 11:24,48:05.1,OnTime,5.36,0,0,4.5,11.41
DL00234,O00340,D056,V028,H01,10/02/2025 3:37,18:46.0,OnTime,13.52,1,0,2.88,6.77
DL00235,O00507,D022,V109,H05,13/12/2025 6:42,05:08.1,Failed,18.87,0,0,3.68,19.15
DL00236,O00013,D163,V009,H07,29/03/2024 22:48,39:02.4,OnTime,20.119999999999997,2,0,3.74,17.02
DL00237,O00082,D135,V099,H06,30/07/2024 5:49,01:15.8,OnTime,12.83,1,0,3.62,20.26
DL00238,O00979,D146,V077,H04,08/01/2025 5:27,41:00.5,OnTime,14.2,2,0,4.02,13.01
DL00239,O00052,D019,V010,H06,14/08/2024 9:02,09:18.0,Delayed,13.6,1,0,3.72,16
DL00240,O01169,D131,V070,H06,06/11/2025 15:56,10:49.3,Failed,38.25,1,0,3.34,21.21
DL00241,O00187,D155,V084,H07,30/12/2024 18:28,43:09.8,OnTime,10.78,0,0,5,15.96
DL00242,O00119,D137,V108,H07,25/05/2024 22:51,01:37.8,Delayed,4.26,2,0,1.93,17.11
DL00243,O00544,D099,V079,H04,14/06/2024 20:33,11:53.7,OnTime,14.39,1,0,4.52,10.27
DL00244,O00610,D024,V077,H03,21/07/2024 19:36,48:27.4,OnTime,6.55,0,0,4.87,10.1
DL00245,O01206,D047,V061,H01,16/11/2024 0:30,42:19.8,OnTime,16.57,1,0,4.28,17.58
DL00246,O00603,D016,V061,H05,25/02/2024 1:31,51:52.8,OnTime,20.51,0,0,4.05,12.98
DL00247,O00881,D056,V100,H08,31/12/2024 12:39,10:16.8,OnTime,11.09,0,0,,5.77
DL00248,O00799,D099,V047,H02,22/08/2025 18:02,33:16.7,OnTime,7.06,1,0,5,13.65
DL00249,O00770,D139,V107,H06,20/07/2024 9:45,43:30.4,Delayed,15.28,0,1,3.02,15.91
DL00250,O00977,D092,V067,H03,27/08/2024 17:43,38:27.8,OnTime,6.39,0,0,4.03,7.45
DL00251,O00122,D005,V030,H06,10/02/2024 16:00,46:03.6,Failed,14.27,0,0,3.89,16.33
DL00252,O00713,D109,V001,H05,10/07/2024 1:06,10:04.5,OnTime,11.34,0,0,4.06,10.82
DL00253,O00325,D126,V033,H08,30/09/2024 5:43,09:22.6,OnTime,5.12,1,0,4.24,9.16
DL00254,O00933,D053,V084,H05,29/12/2024 13:26,18:06.9,OnTime,11.34,1,0,4.09,12.33
DL00255,O00908,D154,V032,H06,02/07/2025 2:14,52:13.9,Delayed,28.05,3,0,3.35,18.76
DL00256,O00389,D105,V088,H01,22/01/2025 12:35,44:37.4,Delayed,8.17,1,0,3.16,14.91
DL00257,O00103,D034,V038,H02,26/01/2024 14:25,53:16.8,Delayed,15.88,1,0,3.54,14.05
DL00258,O01230,D003,V093,H02,26/05/2024 21:11,52:09.7,Delayed,15.09,2,0,3.74,8.22
DL00259,O00266,D120,V096,H06,04/10/2024 19:45,21:38.3,Delayed,16.86,1,0,1,19.95
DL00260,O00152,D001,V114,H04,03/09/2024 19:25,41:43.9,OnTime,21.6,0,0,3.32,17.16
DL00261,O00445,D051,V079,H02,19/04/2025 1:20,53:50.9,Failed,10.73,1,1,3.18,9.58
DL00262,O00762,D134,V038,H08,09/04/2025 22:31,27:49.9,OnTime,5.51,0,0,4.14,10.11
DL00263,O01006,D048,V098,H01,29/12/2025 14:58,56:17.2,Delayed,15.66,1,0,2.55,9.31
DL00264,O00802,D073,V067,H08,14/02/2024 7:30,17:05.7,OnTime,11.61,0,0,4.33,11.38
DL00265,O00253,D119,V054,H03,28/06/2024 11:02,40:12.1,OnTime,14.43,0,0,4.54,15.01
DL00266,O01041,D154,V058,H06,03/07/2024 16:53,,OnTime,9.09,0,0,4.73,15.87
DL00267,O00665,D090,V015,H08,17/02/2024 14:27,12:15.5,OnTime,7.98,1,0,4.96,8.83
DL00268,O00030,D008,V056,H02,05/10/2025 3:47,,OnTime,8.7,1,0,3.88,15.46
DL00269,O00131,D085,V052,H06,29/06/2024 23:38,09:10.3,Delayed,16.05,1,0,1.96,13.91
DL00270,O00764,D104,V023,H08,14/07/2024 11:50,05:57.4,Failed,5.37,1,0,4.29,12.93
DL00271,O00193,D036,V017,H06,22/01/2024 16:51,31:56.6,Delayed,9.24,2,0,4.25,2.78
DL00272,O00494,D132,V028,H05,02/09/2025 15:53,52:14.9,OnTime,21.67,1,0,4.27,20.58
DL00273,O00492,D071,V049,H01,16/10/2025 3:34,45:29.9,OnTime,9.75,0,0,2.95,14.1
DL00274,O01198,D080,V080,H02,13/01/2025 5:25,53:29.2,OnTime,9.06,0,0,4.14,6.22
DL00275,O00697,D002,V012,H07,09/02/2025 18:46,36:15.0,OnTime,1.96,0,0,4.25,8.32
DL00276,O00531,D119,V014,H02,26/04/2025 10:59,38:51.2,OnTime,30.310000000000002,2,0,4.17,18.74
DL00277,O00942,D104,V117,H04,09/01/2025 9:51,32:27.5,OnTime,7.7,2,0,4.03,12.17
DL00278,O00203,D135,V070,H07,05/07/2024 21:38,21:54.4,Failed,3.93,2,0,3.49,3.82
DL00279,O00201,D032,V111,H01,13/05/2025 17:15,41:51.5,OnTime,11.65,2,0,4.15,8.01
DL00280,O00535,D037,V010,H03,18/12/2024 8:55,,OnTime,13.44,1,0,4.63,15.09
DL00281,O00801,D123,V046,H02,29/03/2024 16:47,57:12.2,OnTime,24.03,1,0,4.79,22.2
DL00282,O01232,D045,V114,H03,18/01/2024 22:52,56:30.0,OnTime,14.86,1,0,3.5,16.26
DL00283,O01212,D142,V068,H08,01/08/2024 12:31,,OnTime,18.32,2,0,3.76,18.79
DL00284,O00999,D089,V075,H03,30/06/2024 12:34,34:00.6,OnTime,2.53,0,0,3.73,4.03
DL00285,O00442,D001,V097,H07,22/06/2025 14:54,41:05.9,OnTime,9.22,0,0,4.95,8.62
DL00286,O00059,D038,V047,H05,20/11/2025 19:24,,Delayed,13.74,0,1,3.32,7.06
DL00287,O00352,D138,V099,H01,19/05/2024 17:01,25:24.5,OnTime,36.08,2,0,4.24,24.5
DL00288,O00636,D004,V064,H03,20/06/2024 10:05,12:47.4,Delayed,14.61,0,0,1,15.39
DL00289,O00233,D027,V095,H01,24/12/2024 20:17,09:00.0,OnTime,13.45,3,0,4.34,9.29
DL00290,O00524,D035,V083,H03,20/06/2025 16:54,14:45.5,OnTime,30.93,0,0,5,19.1
DL00291,O00485,D100,V068,H04,27/11/2024 2:51,40:02.4,OnTime,17.86,1,0,3.97,19.28
DL00292,O00811,D149,V103,H01,09/05/2024 8:13,59:25.4,OnTime,15.21,1,0,4.41,18.9
DL00293,O00888,D098,V104,H07,13/06/2024 7:40,45:19.3,OnTime,16.53,1,0,3.97,12.62
DL00294,O00443,D093,V100,H08,20/10/2025 2:48,47:02.9,OnTime,12.21,0,0,4.39,15.82
DL00295,O01101,D131,V087,H07,14/01/2024 9:50,16:20.1,OnTime,20.39,2,0,5,18.38
DL00296,O01064,D062,V044,H03,22/12/2025 19:59,18:27.4,Delayed,16.44,2,0,4.7,11.33
DL00297,O01109,D107,V018,H01,08/12/2025 15:52,,OnTime,33.69,1,0,3.55,22.27
DL00298,O01051,D111,V109,H05,06/06/2025 7:00,06:57.4,Delayed,11.95,0,0,3.03,8.36
DL00299,O01061,D121,V088,H07,29/04/2024 22:39,45:53.5,OnTime,15.83,3,0,4.49,12.5
DL00300,O00222,D039,V056,H05,25/09/2024 13:54,33:57.0,OnTime,10.01,1,0,3.41,14.32
DL00301,O01152,D165,V009,H04,13/03/2025 0:37,37:06.6,OnTime,9.27,0,0,5,9.21
DL00302,O01208,D117,V008,H06,18/04/2024 21:38,44:14.8,OnTime,14.89,0,0,3.6,10.25
DL00303,O00813,D143,V005,H06,14/10/2025 0:12,00:10.6,OnTime,10.29,1,0,5,18.54
DL00304,O00433,D036,V024,H08,29/10/2024 16:23,42:08.7,Failed,11.81,0,1,2.83,10.31
DL00305,O00584,D028,V045,H06,06/07/2024 1:06,24:49.4,OnTime,27.25,0,0,3.81,15.04
DL00306,O01168,D136,V099,H07,15/12/2024 22:14,57:18.3,Delayed,34.53,4,1,2.96,19.47
DL00307,O00699,D089,V021,H03,22/09/2024 15:57,06:05.3,OnTime,11.84,1,0,3.9,12.44
DL00308,O00495,D146,V046,H01,16/01/2024 1:13,46:08.8,OnTime,8.6,0,0,3.55,10.89
DL00309,O00783,D164,V089,H02,28/06/2024 23:56,09:24.1,OnTime,10.02,0,0,3.2,6.99
DL00310,O00285,D149,V077,H08,05/01/2025 13:48,27:35.6,OnTime,9.55,2,0,4.67,12.27
DL00311,O00797,D086,V077,H05,23/03/2025 4:36,18:19.6,OnTime,8.21,2,0,5,10.01
DL00312,O00204,D142,V043,H03,22/10/2025 23:06,41:31.2,Failed,31.38,0,0,4.79,14.35
DL00313,O00601,D136,V005,H08,23/05/2025 4:56,22:17.6,OnTime,17.43,2,0,3.9,12.77
DL00314,O00499,D078,V092,H08,11/06/2024 7:00,11:44.0,OnTime,5.63,2,0,4.16,6.47
DL00315,O01107,D082,V041,H04,25/01/2024 8:28,41:51.3,Delayed,37.41,2,0,4.22,17.73
DL00316,O00081,D108,V095,H08,17/04/2025 15:01,30:05.8,Failed,7.85,1,0,4.11,9.08
DL00317,O00711,D105,V106,H06,15/12/2024 15:16,55:42.1,OnTime,13.76,1,0,4.67,13.99
DL00318,O00281,D054,V041,H03,03/12/2024 7:14,03:19.8,OnTime,26.529999999999998,3,0,4.48,16.02
DL00319,O00937,D153,V103,H04,24/04/2024 8:08,22:25.6,Failed,1.2,0,0,2.72,10.96
DL00320,O01030,D059,V006,H08,29/08/2025 10:29,24:55.2,OnTime,5.12,1,0,5,10.77
DL00321,O00438,D119,V052,H03,29/12/2025 18:51,33:53.3,OnTime,8.71,3,0,4.26,14.34
DL00322,O01025,D023,V030,H04,29/04/2024 16:53,03:31.4,Delayed,11.02,1,0,5,13.23
DL00323,O00666,D011,V107,H04,26/08/2025 20:36,37:46.2,OnTime,24.58,3,0,4.21,18.25
DL00324,O00455,D042,V059,H07,14/08/2024 4:59,11:51.3,Failed,21.07,1,0,3.21,12.52
DL00325,O00582,D108,V001,H08,06/11/2024 12:05,51:52.1,OnTime,14.87,0,0,5,14
DL00326,O00500,D137,V103,H07,30/07/2024 17:04,16:59.3,OnTime,17.24,0,0,4.02,17.18
DL00327,O00418,D102,V023,H04,07/11/2025 7:55,57:47.4,OnTime,9.17,0,0,4.78,9.88
DL00328,O00060,D009,V072,H02,10/05/2024 18:12,00:21.0,OnTime,4.02,1,0,3.26,8.95
DL00329,O00805,D100,V047,H08,01/10/2025 20:47,37:09.4,OnTime,1.62,0,0,4.03,11.74
DL00330,O00246,D049,V026,H04,14/12/2024 3:40,45:40.1,Failed,15.83,1,0,2.59,16.95
DL00331,O01059,D005,V036,H07,23/11/2025 22:50,57:11.0,OnTime,12.94,2,0,3.72,15.48
DL00332,O00949,D121,V088,H06,15/04/2025 19:23,34:29.2,Delayed,5.96,1,0,3.42,9.99
DL00333,O00930,D119,V063,H06,20/08/2025 8:58,13:51.0,Delayed,21.85,0,0,1.76,16.51
DL00334,O00925,D018,V093,H03,15/11/2024 22:49,18:42.0,Failed,17.65,0,1,3.01,12.27
DL00335,O00347,D082,V069,H05,01/09/2025 8:39,54:33.0,OnTime,12.56,0,0,4.4,15.64
DL00336,O00891,D076,V071,H03,21/02/2025 18:25,,OnTime,6.82,1,0,3.73,6
DL00337,O00659,D116,V100,H06,14/11/2024 19:53,59:09.8,OnTime,23.37,1,0,4.48,14.95
DL00338,O00331,D085,V053,H05,23/02/2024 9:42,36:51.8,OnTime,12.27,2,0,4.32,14.93
DL00339,O00593,D073,V111,H04,22/06/2025 11:57,52:49.8,Delayed,4.33,0,0,1.57,12.76
DL00340,O00435,D086,V024,H05,19/09/2024 13:43,58:25.7,OnTime,22.6,0,0,3.8,20.75
DL00341,O01203,D050,V037,H07,13/11/2024 21:57,39:10.6,OnTime,2.78,0,0,3.72,12.39
DL00342,O00123,D028,V090,H08,14/07/2024 7:47,17:08.9,Failed,6.8,0,0,2.47,8.94
DL00343,O00505,D015,V012,H04,29/03/2025 21:38,54:47.4,OnTime,34.31,1,0,2.98,15.09
DL00344,O00238,D164,V081,H02,28/08/2024 12:22,44:24.2,OnTime,11.63,0,0,5,11.55
DL00345,O01175,D036,V007,H06,04/11/2024 13:11,,OnTime,8.75,1,0,4.22,2.72
DL00346,O00614,D097,V060,H03,06/02/2025 0:08,06:08.6,OnTime,15.26,1,0,3.93,14.52
DL00347,O00343,D026,V030,H03,09/12/2024 2:01,31:00.2,Delayed,15.62,0,1,3.94,18
DL00348,O00754,D098,V062,H01,07/10/2024 23:24,07:55.6,Delayed,2.21,4,0,2.89,13.34
DL00349,O00231,D016,V042,H07,16/12/2024 2:23,57:31.8,Delayed,15.82,0,0,2.75,11.11
DL00350,O01209,D019,V017,H06,14/06/2025 3:56,51:38.9,Failed,13.23,1,0,3.05,11.77
DL00351,O00069,D142,V050,H07,19/05/2024 21:58,27:10.0,OnTime,33.129999999999995,0,0,4.53,22.56
DL00352,O00989,D133,V112,H05,08/03/2024 14:47,10:35.3,Failed,9.57,0,0,2.25,15.47
DL00353,O00159,D018,V014,H03,14/09/2024 23:08,25:14.9,OnTime,4.49,0,0,3.9,6.4
DL00354,O00776,D014,V034,H04,03/03/2025 1:09,31:01.2,OnTime,10.43,0,0,4.54,9.64
DL00355,O00561,D162,V106,H07,02/06/2025 10:12,34:59.8,Delayed,7.43,1,0,3.96,12.85
DL00356,O01181,D031,V118,H04,24/02/2024 1:34,12:32.3,OnTime,13.12,0,0,4.84,6.12
DL00357,O00235,D134,V030,H08,22/12/2025 12:39,10:03.1,Delayed,14.75,1,0,3.27,7.91
DL00358,O00497,D022,V005,H02,22/11/2025 1:45,04:47.3,Delayed,19.28,1,0,3.57,14.5
DL00359,O00654,D068,V057,H01,18/06/2025 22:44,19:56.1,Delayed,18.71,1,1,2.94,15.84
DL00360,O00595,D100,V062,H02,05/03/2024 7:09,44:19.5,Delayed,12.5,1,0,2.59,21.14
DL00361,O00377,D007,V051,H07,22/07/2024 23:59,06:00.4,OnTime,25.24,0,0,4.4,13.28
DL00362,O00460,D156,V012,H04,09/12/2024 18:44,57:19.4,OnTime,6.09,0,0,3.51,8.56
DL00363,O00710,D069,V090,H07,17/02/2025 14:58,44:29.4,OnTime,19.08,1,0,5,17.76
DL00364,O00277,D056,V014,H04,14/01/2024 1:45,12:31.9,OnTime,23.79,1,0,3.98,11.43
DL00365,O00861,D064,V012,H01,05/09/2025 9:13,38:01.1,OnTime,10.33,0,0,4.19,9.22
DL00366,O00910,D146,V095,H06,24/07/2025 4:05,38:55.4,OnTime,17.03,0,0,3.63,18.63
DL00367,O00575,D128,V106,H02,15/08/2025 7:04,10:40.3,Delayed,3.02,0,0,2.94,16.73
DL00368,O00474,D147,V067,H01,22/03/2025 20:07,20:56.4,OnTime,35.4,2,0,3.94,18.88
DL00369,O00366,D011,V044,H05,12/02/2024 22:37,15:16.5,Delayed,13.48,0,0,1.44,12.48
DL00370,O00902,D131,V021,H05,22/09/2024 21:11,17:24.3,Delayed,1.87,3,0,1.24,10.71
DL00371,O01079,D158,V069,H03,31/03/2024 8:45,18:08.7,OnTime,17.43,0,0,3.57,10.98
DL00372,O00300,D087,V090,H02,02/04/2024 1:57,31:19.6,OnTime,6.81,0,0,4.87,8.41
DL00373,O00282,D058,V081,H05,20/01/2024 6:39,38:53.2,Delayed,11.36,0,1,,23.6
DL00374,O00841,D090,V061,H01,26/09/2025 21:47,08:21.6,OnTime,23.47,5,0,3.73,14.32
DL00375,O00466,D102,V021,H05,07/01/2024 5:49,01:08.9,OnTime,22.12,1,0,4.22,17.86
DL00376,O01104,D090,V114,H04,21/09/2024 17:50,54:45.3,OnTime,6.72,0,0,4.51,5.92
DL00377,O00510,D075,V113,H07,23/11/2024 0:12,31:47.8,Failed,5.45,4,0,2.23,10.45
DL00378,O00070,D111,V037,H02,13/05/2025 23:09,42:14.1,Failed,7.92,0,0,2.14,7.93
DL00379,O01127,D018,V020,H02,17/03/2024 3:56,,OnTime,17.4,1,0,3.6,14.92
DL00380,O00120,D130,V106,H01,16/06/2024 4:55,04:33.1,OnTime,39.900000000000006,2,0,3.71,19.33
DL00381,O00488,D015,V005,H05,29/08/2025 19:57,45:13.0,OnTime,11.24,0,0,5,10.97
DL00382,O00141,D163,V021,H02,05/12/2024 21:45,24:17.0,OnTime,7.31,0,0,4.39,11.68
DL00383,O00846,D057,V017,H08,27/07/2025 23:24,19:36.3,Delayed,9.53,1,1,2.92,9.76
DL00384,O00618,D017,V054,H05,19/11/2025 13:06,27:52.0,Failed,14.52,4,0,2.82,10.94
DL00385,O00617,D123,V086,H08,30/03/2024 9:37,15:11.0,OnTime,17.51,1,0,4.44,14.04
DL00386,O00135,D144,V002,H05,25/04/2025 3:12,39:24.9,Failed,1.21,1,0,3.35,13.97
DL00387,O00274,D016,V017,H01,03/10/2025 21:33,40:35.9,Failed,11.96,0,0,2.85,11.86
DL00388,O00886,D088,V086,H05,11/12/2024 11:37,15:40.3,OnTime,10.71,1,0,4.64,9.36
DL00389,O00649,D054,V065,H01,02/03/2025 3:12,50:19.2,OnTime,12.41,1,0,4.57,12.55
DL00390,O01242,D013,V052,H02,08/09/2025 23:34,52:36.7,OnTime,12.86,0,0,4.75,11.06
DL00391,O00242,D119,V060,H06,05/11/2024 5:50,19:49.7,OnTime,20.65,0,0,3.63,15.9
DL00392,O00832,D063,V021,H04,06/06/2024 15:50,31:03.5,Delayed,4.77,1,1,1.15,12.67
DL00393,O01128,D108,V060,H04,12/03/2024 19:57,36:11.7,Failed,13.97,1,0,3.11,5.79
DL00394,O00718,D145,V079,H02,27/02/2025 4:58,05:30.4,OnTime,15.43,0,0,4.14,8.78
DL00395,O00219,D012,V072,H06,30/05/2024 2:33,15:54.4,OnTime,10.75,0,0,4.29,6.99
DL00396,O01093,D105,V063,H06,30/10/2024 0:23,36:43.4,OnTime,14.79,2,0,4.55,21.09
DL00397,O01199,D125,V049,H04,10/03/2024 16:57,12:57.1,Delayed,10.5,2,0,4.61,9.36
DL00398,O00671,D106,V099,H05,24/01/2025 17:36,28:38.0,Delayed,1.2,1,0,3.08,9.73
DL00399,O00966,D129,V107,H08,17/04/2025 0:14,46:22.8,Delayed,5.64,1,0,2.38,12.78
DL00400,O00867,D165,V037,H06,01/02/2024 22:23,40:14.6,Failed,25.59,2,0,2.48,16.84
DL00401,O00870,D067,V009,H08,27/10/2024 15:49,42:45.1,OnTime,10.23,0,0,4.47,6.79
DL00402,O00539,D037,V005,H03,04/12/2024 2:08,09:15.7,OnTime,10.83,0,0,5,9.69
DL00403,O00044,D131,V092,H07,02/11/2025 10:07,43:42.9,OnTime,11.6,1,0,4.58,13.74
DL00404,O00502,D049,V025,H02,03/04/2024 3:48,25:17.9,OnTime,7.84,0,0,3.14,11.38
DL00405,O00684,D052,V116,H01,24/11/2024 16:21,22:51.0,OnTime,12.83,0,0,,16.99
DL00406,O00720,D126,V006,H01,29/08/2024 21:02,33:10.6,OnTime,29.85,1,0,5,15.78
DL00407,O00598,D010,V068,H06,29/10/2025 1:00,58:05.1,OnTime,6.92,0,0,4.04,10.86
DL00408,O01019,D071,V057,H08,16/04/2024 1:49,58:04.4,OnTime,8.49,0,0,3.3,8.4
DL00409,O00348,D047,V094,H04,17/03/2025 0:31,30:00.0,OnTime,8.1,0,0,2.89,10.1
DL00410,O00249,D042,V004,H05,07/11/2024 21:14,32:06.1,Delayed,5.13,3,0,4.44,9.64
DL00411,O00108,D122,V065,H01,30/11/2024 15:03,46:22.8,OnTime,11.22,0,0,4.68,5.75
DL00412,O00156,D025,V114,H02,24/04/2024 8:07,40:54.1,OnTime,8.68,0,0,4.63,8.76
DL00413,O01077,D046,V035,H01,30/08/2024 0:32,34:46.1,Failed,6.34,1,0,4.22,10.75
DL00414,O00704,D002,V083,H02,12/03/2024 18:01,55:25.1,OnTime,8.47,1,0,5,14.75
DL00415,O01145,D116,V031,H03,22/02/2024 2:27,36:12.2,OnTime,13.31,0,0,4.23,10.05
DL00416,O00293,D067,V059,H04,09/04/2025 18:24,16:42.6,OnTime,4.61,1,0,4.01,10.53
DL00417,O00615,D054,V085,H04,08/02/2025 21:37,17:10.8,OnTime,13.05,0,0,4.08,18.58
DL00418,O00075,D167,V019,H06,02/11/2024 6:29,58:56.4,OnTime,4.73,1,0,5,10.5
DL00419,O00782,D043,V109,H06,17/04/2024 3:24,51:51.7,OnTime,12.37,0,0,5,12.37
DL00420,O00412,D093,V078,H05,08/10/2024 14:08,14:08.6,OnTime,10,0,0,4.12,9.3
DL00421,O00286,D026,V039,H02,05/07/2025 22:02,09:23.1,OnTime,17.73,1,0,4.49,8.92
DL00422,O01178,D135,V066,H01,13/01/2024 23:04,29:03.6,OnTime,14.18,0,0,4.88,10.37
DL00423,O01245,D113,V110,H05,05/10/2025 16:04,27:00.0,OnTime,22.080000000000002,1,0,4.11,10.84
DL00424,O00503,D061,V007,H08,18/08/2024 0:53,41:51.8,OnTime,8.14,1,0,5,14.49
DL00425,O00564,D070,V090,H04,03/09/2024 0:37,49:53.8,OnTime,13.09,1,0,4.82,4.86
DL00426,O00814,D150,V053,H05,26/03/2025 4:54,37:28.1,OnTime,12.88,1,0,4.57,19.14
DL00427,O00414,D165,V058,H07,05/04/2025 22:47,32:54.8,OnTime,9.53,0,0,3.92,9.98
DL00428,O00496,D109,V073,H07,17/06/2024 16:14,20:06.7,OnTime,10.72,0,0,4.32,7.53
DL00429,O00738,D030,V021,H07,28/11/2024 7:27,58:36.4,Delayed,41.94,3,1,2.92,21.55
DL00430,O00779,D025,V065,H01,25/07/2025 14:03,55:38.7,OnTime,12.92,0,0,5,11.78
DL00431,O00737,D164,V082,H01,14/03/2024 4:04,29:01.8,OnTime,10.56,1,0,4.7,16.33
DL00432,O00658,D119,V011,H05,24/07/2025 13:29,07:11.3,Failed,14.42,0,0,4.06,19.62
DL00433,O00148,D133,V056,H01,03/04/2025 23:41,45:53.7,OnTime,14.34,2,0,2.92,12.9
DL00434,O00395,D031,V063,H04,28/09/2024 10:53,08:55.5,Delayed,16.69,0,1,3.34,16.51
DL00435,O00198,D129,V087,H08,13/09/2024 18:46,25:00.8,OnTime,10.63,0,0,5,4.82
DL00436,O01063,D034,V076,H04,27/07/2024 22:20,09:31.7,OnTime,9.89,0,0,4,12.8
DL00437,O01223,D167,V120,H05,11/01/2025 0:36,06:30.1,OnTime,13.43,0,0,4.8,11.05
DL00438,O00992,D083,V078,H04,08/03/2024 16:52,52:27.9,Failed,27.82,1,0,3.12,15.69
DL00439,O00983,D117,V026,H07,20/08/2024 0:58,12:47.4,Delayed,13.81,1,1,3.68,19.27
DL00440,O00758,D028,V046,H03,26/02/2024 13:10,13:07.5,Delayed,10.74,4,0,3.54,9.77
DL00441,O00014,D141,V068,H01,25/08/2024 12:01,01:44.4,OnTime,8.82,0,0,4.7,7.36
DL00442,O01090,D150,V099,H02,11/09/2025 20:27,27:20.5,OnTime,8.63,1,0,4.98,6.69
DL00443,O01170,D070,V097,H06,01/01/2024 8:44,11:11.6,OnTime,3.65,0,0,3.34,12.85
DL00444,O01221,D017,V109,H05,13/04/2024 9:44,35:05.6,Failed,11.43,0,0,3,9.78
DL00445,O00055,D074,V008,H03,31/05/2025 2:19,24:33.5,Delayed,37.019999999999996,0,0,3.55,21.88
DL00446,O00903,D002,V069,H07,21/10/2025 1:25,22:35.3,Delayed,8.25,1,0,2.26,10.76
DL00447,O00812,D070,V043,H01,12/04/2025 19:06,08:07.9,OnTime,9.36,1,0,4.55,9.47
DL00448,O01033,D101,V108,H03,30/08/2024 13:56,47:00.0,OnTime,11.14,0,0,4.65,14.25
DL00449,O00454,D047,V025,H07,15/04/2025 3:39,29:42.0,OnTime,14.65,0,0,4.58,12.62
DL00450,O01161,D049,V108,H06,17/05/2025 4:32,37:48.9,Failed,10.61,1,0,3.99,12.55
DL00451,O01188,D145,V114,H01,25/06/2024 12:25,45:53.5,OnTime,11.19,0,0,3.58,14.22
DL00452,O00468,D125,V051,H01,29/03/2024 12:52,01:48.8,OnTime,8.52,1,0,3.65,12.49
DL00453,O00248,D130,V007,H06,22/03/2024 18:52,50:03.8,OnTime,11.9,1,0,,8.88
DL00454,O00408,D102,V088,H04,14/09/2024 14:20,01:49.7,OnTime,8.57,0,0,3.94,18.59
DL00455,O00914,D094,V098,H01,12/04/2024 8:41,45:47.3,OnTime,10.3,1,0,4.14,7
DL00456,O00157,D037,V035,H02,16/09/2024 20:38,39:02.6,OnTime,26.36,0,0,4.83,10.84
DL00457,O00092,D110,V099,H06,24/04/2025 17:52,46:39.6,OnTime,14.85,2,0,4.55,10.8
DL00458,O00172,D109,V119,H05,17/01/2025 19:21,08:30.4,Delayed,6.39,0,0,3.34,10.15
DL00459,O00831,D005,V084,H01,27/02/2025 9:04,44:33.7,Failed,9.02,2,0,2.73,7.17
DL00460,O00522,D026,V103,H05,09/02/2024 11:26,31:24.4,OnTime,14.04,1,0,3.86,13.03
DL00461,O00862,D089,V006,H08,29/01/2025 15:08,46:22.8,OnTime,18.99,0,0,4.06,16.11
DL00462,O00099,D131,V058,H04,04/10/2025 22:47,13:05.6,OnTime,16.049999999999997,4,0,4.99,15.19
DL00463,O00271,D102,V023,H07,17/09/2025 0:16,09:39.9,OnTime,8.97,0,0,3.56,12.95
DL00464,O01124,D017,V016,H04,02/05/2024 17:53,40:27.6,OnTime,16.51,0,0,3.76,9.45
DL00465,O00820,D080,V074,H08,01/05/2024 18:26,52:34.4,OnTime,11.27,0,0,4.84,13.89
DL00466,O00183,D098,V007,H01,02/09/2024 14:06,58:40.2,OnTime,3.81,0,0,5,10.68
DL00467,O00511,D078,V067,H05,06/06/2024 11:55,33:53.9,OnTime,14.94,1,0,3.76,7.49
DL00468,O00519,D150,V022,H03,20/04/2025 6:37,10:00.0,OnTime,19.78,0,0,3.78,19.89
DL00469,O00458,D027,V042,H03,10/04/2025 3:03,15:10.5,Delayed,12.11,0,0,3.8,16.42
DL00470,O00562,D004,V120,H08,21/07/2024 10:43,49:27.7,OnTime,3.36,2,0,3.97,13.27
DL00471,O01049,D088,V068,H01,17/10/2025 8:34,06:53.6,OnTime,17.09,1,0,4.21,16.47
DL00472,O00042,D113,V046,H01,01/12/2025 19:10,16:03.1,Delayed,10.28,0,0,3.59,5.13
DL00473,O00180,D105,V071,H07,29/12/2024 8:17,50:08.1,OnTime,14.15,7,0,4.01,6.22
DL00474,O00067,D004,V017,H04,25/02/2025 3:48,16:14.0,OnTime,2.66,0,0,4.36,9.21
DL00475,O01121,D074,V027,H07,03/06/2024 8:50,50:35.4,OnTime,3.63,2,0,4.29,9.74
DL00476,O00849,D094,V035,H07,06/05/2024 0:48,59:17.1,Delayed,15.93,1,0,4.07,10.87
DL00477,O00613,D162,V002,H03,02/12/2025 22:57,47:11.6,Delayed,25.16,1,0,,23.03
DL00478,O00947,D133,V109,H05,31/01/2024 17:32,51:28.2,Delayed,9.6,2,0,1.46,11.77
DL00479,O00533,D091,V047,H01,03/11/2024 2:54,36:46.3,Delayed,3.46,0,0,1,14.35
DL00480,O00978,D119,V044,H07,11/09/2025 7:01,49:05.3,OnTime,24.44,0,0,4.53,8.9
DL00481,O01095,D077,V086,H04,14/03/2024 17:15,29:07.9,OnTime,16.16,1,0,3.89,22.66
DL00482,O00777,D141,V118,H02,19/10/2025 0:12,22:41.2,Failed,11.35,1,1,2.32,18.23
DL00483,O00036,D135,V017,H06,06/11/2024 5:51,52:01.1,Delayed,8.41,0,1,4.57,9.29
DL00484,O00437,D144,V079,H02,25/09/2025 7:59,47:34.7,OnTime,21.25,2,0,3.95,12.17
DL00485,O00449,D121,V061,H03,08/06/2025 3:10,22:24.2,OnTime,16.11,1,0,1.99,12.64
DL00486,O00306,D052,V114,H01,14/06/2024 17:09,57:57.2,Failed,14.52,0,1,4.61,14.81
DL00487,O01111,D054,V027,H03,15/11/2024 0:10,17:33.7,OnTime,12.36,0,0,4.26,12.09
DL00488,O01053,D038,V014,H08,23/10/2025 3:57,18:12.1,OnTime,3.33,0,0,,10.75
DL00489,O00911,D130,V112,H02,20/05/2025 23:09,26:05.2,OnTime,12.53,1,0,3.28,16.53
DL00490,O00701,D039,V035,H04,15/12/2025 21:19,49:17.2,Failed,1.65,1,0,4.24,10.31
DL00491,O00181,D124,V113,H08,16/12/2024 2:36,51:28.7,OnTime,33.46,3,0,4.46,16.73
DL00492,O00035,D100,V108,H06,14/06/2024 15:50,51:47.0,Failed,9.55,0,0,1.99,9.2
DL00493,O00803,D017,V070,H03,09/08/2025 20:37,43:05.3,OnTime,4.68,0,0,4.83,11.06
DL00494,O00322,D072,V058,H08,11/03/2025 22:48,38:13.8,OnTime,14.05,2,0,4.29,11.2
DL00495,O01189,D129,V006,H05,23/05/2024 1:38,12:11.7,OnTime,33.39,2,0,4.94,19.23
DL00496,O00622,D142,V102,H02,23/04/2024 18:22,12:08.3,OnTime,7.97,2,0,4.18,11.59
DL00497,O00192,D083,V116,H08,18/08/2025 14:17,34:36.2,Failed,12.14,1,0,3.23,11.88
DL00498,O01205,D091,V018,H08,20/12/2024 2:21,11:42.3,OnTime,8.6,0,0,3.75,2.93
DL00499,O01144,D053,V038,H01,07/02/2025 22:48,25:46.8,Delayed,10.41,0,0,3.5,10.6
DL00500,O00556,D017,V063,H02,01/09/2024 3:37,39:15.2,OnTime,6.73,1,0,3.72,11.11
DL00501,O01211,D114,V087,H06,12/11/2025 7:51,44:27.6,OnTime,9.66,0,0,4.47,15.25
DL00502,O01190,D114,V026,H03,24/11/2025 18:47,48:20.6,OnTime,9.61,3,0,3.78,6.03
DL00503,O00760,D154,V014,H07,14/03/2024 23:28,48:21.2,OnTime,12.95,0,0,3.97,10.7
DL00504,O00679,D023,V098,H08,15/11/2024 4:30,36:46.0,OnTime,6.55,1,0,5,12.11
DL00505,O00833,D170,V017,H08,05/05/2025 4:31,10:37.6,Failed,12,3,1,2.71,12.22
DL00506,O00094,D077,V079,H05,27/09/2024 3:56,59:08.8,Delayed,17.369999999999997,2,0,3.11,9.14
DL00507,O00396,D021,V030,H07,30/04/2025 0:13,,Delayed,15.18,2,0,2.53,10.76
DL00508,O00161,D015,V025,H03,19/08/2024 19:52,24:22.3,OnTime,12.14,0,0,4.66,14.06
DL00509,O00719,D116,V086,H01,04/01/2024 19:33,38:11.6,Delayed,16.37,0,0,1,11.37
DL00510,O00359,D057,V004,H01,17/08/2024 23:15,50:19.9,OnTime,12.07,0,0,4.04,18.19
DL00511,O01237,D123,V083,H05,30/12/2025 9:00,46:44.5,Delayed,9.94,0,0,1.37,10.76
DL00512,O00224,D040,V029,H07,22/05/2024 23:18,58:29.6,Delayed,8.4,3,1,3.51,11.49
DL00513,O00420,D168,V043,H02,25/01/2025 9:44,24:13.2,Delayed,12.02,0,0,3.75,18.86
DL00514,O01250,D165,V052,H03,28/06/2024 9:25,00:52.0,Delayed,10.32,3,0,2.35,7.89
DL00515,O00619,D130,V005,H04,01/09/2025 14:52,12:38.2,Failed,17.55,3,1,3.24,21
DL00516,O00337,D141,V117,H01,05/11/2024 6:45,55:42.2,Delayed,21.23,2,0,1.57,10.77
DL00517,O00509,D104,V088,H08,26/08/2024 19:01,33:26.4,OnTime,14.73,4,0,4.99,16.75
DL00518,O00984,D041,V024,H06,15/04/2025 0:21,48:27.3,OnTime,15.41,0,0,4.92,19.09
DL00519,O00446,D096,V065,H07,22/03/2025 14:42,54:23.8,OnTime,29.799999999999997,2,0,,10.84
DL00520,O00429,D055,V040,H01,09/03/2025 11:12,37:26.8,Delayed,3.14,1,0,3.03,11.42
DL00521,O00606,D038,V036,H08,17/10/2025 17:03,,Failed,5.35,2,0,2.51,7.1
DL00522,O00296,D129,V013,H04,10/01/2024 19:26,39:30.9,OnTime,10.01,0,0,4.54,8.94
DL00523,O00714,D026,V076,H01,26/05/2024 19:04,57:10.3,OnTime,2.39,1,0,4.12,8.78
DL00524,O00683,D130,V005,H07,01/05/2025 8:21,11:37.1,OnTime,16.66,2,0,4.83,17.68
DL00525,O00351,D038,V006,H01,22/04/2024 5:04,42:26.8,OnTime,28.2,2,0,4.04,19.16
DL00526,O01045,D068,V027,H06,26/08/2024 13:19,57:35.5,Delayed,12.18,0,0,4.34,10.18
DL00527,O00913,D108,V043,H07,05/04/2025 6:44,51:23.9,OnTime,20.7,1,0,4.58,16.49
DL00528,O00826,D033,V008,H03,06/04/2024 7:05,23:18.1,OnTime,24.17,2,0,4.66,20.91
DL00529,O00822,D088,V114,H06,01/09/2024 9:19,28:05.1,Failed,1.2,0,0,2.64,7.53
DL00530,O00756,D095,V042,H01,03/02/2025 18:06,39:56.8,Failed,30.51,2,0,2.54,19.5
DL00531,O00140,D163,V116,H04,03/03/2024 2:25,18:14.4,OnTime,13.95,0,0,3.95,16.65
DL00532,O00315,D009,V104,H02,25/12/2024 3:30,59:02.8,OnTime,16.49,1,0,4.55,10.37
DL00533,O00543,D135,V002,H08,18/07/2025 6:49,52:00.0,Failed,34.15,2,0,2.69,21.32
DL00534,O00816,D166,V069,H08,13/02/2025 20:53,48:17.7,OnTime,9.47,0,0,3.81,6.56
DL00535,O01058,D033,V094,H07,09/05/2025 0:57,20:23.9,OnTime,23.45,3,0,3.15,18.56
DL00536,O01184,D055,V030,H01,24/01/2025 15:02,26:40.9,Failed,7.04,2,0,1.07,14.06
DL00537,O00083,D153,V033,H07,23/10/2024 0:53,25:13.6,OnTime,30.51,1,0,3.67,9.75
DL00538,O00682,D141,V015,H07,05/10/2024 12:07,38:02.8,Delayed,8.55,0,1,2.66,3.46
DL00539,O01160,D067,V111,H03,13/05/2024 1:19,22:01.7,OnTime,13.52,0,0,4.95,10.35
DL00540,O00068,D008,V072,H04,13/10/2025 12:06,29:29.3,Delayed,16.2,2,0,3.21,16.04
DL00541,O01142,D022,V013,H04,07/11/2025 11:29,47:08.9,OnTime,6.68,1,0,3.89,8.98
DL00542,O00415,D125,V114,H02,27/06/2024 18:22,23:54.1,OnTime,7.18,0,0,4.19,5.99
DL00543,O00218,D102,V098,H03,15/09/2025 2:24,34:49.4,OnTime,12.01,0,0,5,5.87
DL00544,O00345,D154,V082,H08,04/10/2025 22:41,48:30.6,Delayed,13.93,2,0,3.17,8.53
DL00545,O01067,D113,V072,H04,16/06/2024 4:56,22:38.8,Delayed,12.43,0,0,5,13.31
DL00546,O00324,D095,V052,H04,06/08/2025 7:36,15:57.5,OnTime,8.95,2,0,4.11,10.57
DL00547,O00778,D014,V090,H05,07/10/2025 19:49,46:03.5,OnTime,11.03,0,0,4.93,14.38
DL00548,O00537,D132,V039,H05,25/06/2024 11:02,55:41.5,Failed,10.4,1,0,3.34,11.4
DL00549,O00476,D001,V094,H06,23/02/2024 6:45,45:22.1,OnTime,10.11,0,0,4.67,14.59
DL00550,O00572,D110,V065,H01,06/02/2025 21:04,38:52.1,OnTime,14.34,2,0,4.69,12.06
DL00551,O00448,D108,V114,H04,11/02/2025 16:05,11:25.1,OnTime,18.74,3,0,4.79,21.38
DL00552,O00298,D115,V010,H01,06/01/2025 7:28,41:48.8,OnTime,1.9,1,0,4.8,13.26
DL00553,O00491,D090,V066,H02,03/07/2024 16:22,00:56.7,OnTime,13.19,2,0,4.66,10.34
DL00554,O00709,D117,V086,H04,09/12/2025 4:47,45:16.2,OnTime,11.59,1,0,4.69,14.76
DL00555,O00839,D129,V013,H01,31/01/2024 20:31,49:48.7,OnTime,6.51,2,0,3.97,11.19
DL00556,O00702,D070,V030,H07,28/12/2024 22:07,26:56.3,OnTime,5.03,0,0,3.91,8.15
DL00557,O00781,D055,V027,H08,19/11/2024 14:07,38:27.7,OnTime,17.54,2,0,5,13.31
DL00558,O00142,D024,V011,H05,31/10/2024 20:22,32:26.5,Failed,14.64,1,0,1,18.56
DL00559,O00988,D131,V044,H05,17/11/2024 20:37,31:21.2,Failed,6.97,2,0,1.92,11.38
DL00560,O00077,D127,V120,H08,30/07/2025 7:48,13:33.0,OnTime,4.49,2,0,4.38,14.99
DL00561,O00086,D054,V005,H03,20/07/2024 6:42,20:25.5,OnTime,7.67,2,0,3.5,19.2
DL00562,O00746,D128,V113,H08,14/12/2024 10:47,16:25.4,OnTime,13.59,0,0,3.98,10.51
DL00563,O01238,D093,V045,H02,18/04/2025 5:35,48:55.5,OnTime,10.07,1,0,5,12.75
DL00564,O00824,D077,V120,H03,17/08/2024 23:23,25:18.8,OnTime,18.23,0,0,4.18,10.05
DL00565,O00344,D151,V022,H06,28/08/2024 8:16,17:14.2,OnTime,14.95,2,0,3.82,8.75
DL00566,O01226,D162,V082,H03,02/03/2025 6:49,57:14.2,OnTime,22.66,1,0,3.7,14.91
DL00567,O00918,D142,V051,H03,26/11/2024 6:40,20:28.1,OnTime,10.47,0,0,4.8,11.4
DL00568,O00244,D167,V082,H04,11/11/2024 9:39,,OnTime,11.52,0,0,5,9.33
DL00569,O00312,D066,V116,H01,07/11/2025 1:03,18:29.8,OnTime,20.95,1,0,4.56,19.6
DL00570,O00319,D017,V028,H08,22/01/2024 10:23,55:15.9,OnTime,20.67,1,0,5,9.88
DL00571,O00413,D003,V029,H01,01/04/2025 22:46,26:31.4,OnTime,23.53,3,0,4.5,14.49
DL00572,O00905,D002,V048,H08,04/09/2025 3:45,59:36.6,OnTime,8.35,3,0,3.96,11.45
DL00573,O01214,D118,V077,H02,07/05/2024 23:32,20:03.2,OnTime,7.3,1,0,5,14.05
DL00574,O00693,D048,V016,H05,08/11/2025 19:41,16:21.0,Failed,24.31,1,0,4.63,16.24
DL00575,O01177,D133,V105,H04,17/10/2024 4:35,22:26.5,OnTime,12.03,2,0,4.05,10.65
DL00576,O00483,D133,V021,H08,17/11/2024 1:34,32:58.0,Failed,13.83,1,0,5,16.98
DL00577,O00973,D108,V043,H05,12/01/2024 21:57,09:43.6,OnTime,21.03,1,0,3.86,12.99
DL00578,O00115,D032,V108,H06,21/02/2024 8:24,09:53.1,OnTime,11.09,0,0,4.55,7.9
DL00579,O00168,D103,V115,H03,11/06/2025 6:05,51:41.3,Delayed,14.98,1,0,3.78,8.97
DL00580,O00063,D026,V066,H04,13/07/2025 6:28,43:18.2,OnTime,15.1,1,0,4.99,17.2
DL00581,O00995,D139,V062,H01,09/08/2024 8:49,03:16.6,OnTime,12.14,4,0,3.48,16.92
DL00582,O00765,D024,V091,H05,13/07/2024 4:34,33:48.0,Failed,19.38,2,0,2.4,22.61
DL00583,O00064,D015,V098,H01,14/10/2025 8:48,55:17.2,OnTime,14.6,1,0,4.53,6.16
DL00584,O00588,D043,V103,H05,03/06/2024 13:36,45:41.1,OnTime,23.9,1,0,3.7,12.24
DL00585,O00132,D149,V049,H01,22/01/2025 10:55,42:49.5,Delayed,1.2,1,0,3.52,10.18
DL00586,O01037,D076,V114,H03,28/04/2025 7:18,44:30.2,OnTime,15.54,0,0,3.51,12.03
DL00587,O00182,D166,V009,H01,12/01/2024 10:05,52:41.4,OnTime,4.98,1,0,4.15,3.57
DL00588,O00896,D131,V026,H06,29/06/2024 21:53,00:23.5,Failed,10.09,1,0,3.18,11.57
DL00589,O00940,D141,V102,H01,26/10/2025 7:53,11:25.2,Delayed,21.39,1,0,1.93,16.86
DL00590,O00229,D112,V017,H07,31/08/2024 5:34,45:46.7,Delayed,7.56,4,0,3.44,12.03
DL00591,O00792,D087,V057,H01,02/02/2025 7:06,27:14.3,OnTime,11.26,1,0,3.22,8.22
DL00592,O00526,D146,V001,H04,19/01/2024 17:17,32:43.8,OnTime,17.21,2,0,4.58,20.05
DL00593,O01174,D110,V058,H03,21/11/2024 9:11,20:13.0,OnTime,10.76,3,0,5,11.92
DL00594,O00267,D045,V064,H05,16/01/2024 23:13,42:18.4,OnTime,32.25,0,0,4.02,20.99
DL00595,O01243,D139,V021,H01,10/09/2025 11:13,20:03.7,OnTime,9.13,2,0,4.84,13.68
DL00596,O00427,D102,V065,H06,21/06/2025 23:24,57:52.4,OnTime,16.37,0,0,4.1,8.58
DL00597,O00428,D049,V043,H07,31/03/2024 6:54,32:00.0,OnTime,1.2,0,0,4.12,3.74
DL00598,O00753,D056,V032,H02,18/01/2025 5:04,33:32.2,OnTime,40.68,1,0,4.66,18.96
DL00599,O01150,D133,V112,H01,20/02/2025 6:18,36:40.7,OnTime,7.34,0,0,5,4.99
DL00600,O01099,D039,V114,H07,05/04/2024 23:46,09:46.3,OnTime,10.4,1,0,3.91,11.24
DL00601,O00538,D166,V091,H08,05/04/2025 17:41,25:34.8,OnTime,8.52,1,0,3,10.47
DL00602,O00318,D157,V009,H03,17/08/2024 1:09,45:54.7,Delayed,7.02,1,1,2.86,11.51
DL00603,O00194,D069,V082,H05,16/03/2024 9:13,57:08.0,OnTime,15.77,2,0,4.17,17.07
DL00604,O00294,D064,V111,H07,05/01/2025 17:44,37:29.6,OnTime,20.21,1,0,4.67,17.56
DL00605,O00200,D093,V052,H02,26/01/2024 11:06,50:01.0,OnTime,17.8,0,0,4.59,9.58
DL00606,O00012,D075,V112,H04,16/01/2024 13:32,32:34.3,OnTime,13.39,0,0,4.12,13.11
DL00607,O00473,D119,V059,H01,11/09/2024 14:41,15:00.0,OnTime,1.35,0,0,4.72,7.33
DL00608,O00357,D143,V042,H01,28/12/2024 16:27,28:21.2,OnTime,9.33,2,0,4.24,8.18
DL00609,O00934,D062,V053,H01,29/06/2024 6:33,14:24.2,Failed,17.27,3,0,2.25,9.71
DL00610,O00259,D055,V050,H05,09/09/2025 11:34,09:42.8,OnTime,20.47,2,0,5,11.93
DL00611,O00243,D117,V020,H05,08/03/2024 5:50,35:20.7,OnTime,12.23,1,0,3.99,12.18
DL00612,O00327,D166,V022,H07,05/12/2024 3:28,46:56.7,OnTime,8.47,1,0,4.42,13.57
DL00613,O00361,D102,V020,H04,16/01/2024 11:16,11:31.4,OnTime,14.31,2,0,4.93,15.26
DL00614,O00179,D087,V104,H03,25/07/2024 18:39,26:50.0,OnTime,12.03,4,0,3.86,10.54
DL00615,O00627,D074,V069,H08,22/04/2025 20:08,23:08.5,Delayed,7.97,2,0,,13.12
DL00616,O01068,D041,V081,H08,10/04/2025 22:22,25:01.4,Delayed,13.75,0,0,2.32,14.94
DL00617,O01023,D030,V045,H04,04/11/2024 0:22,37:02.5,OnTime,13.63,0,0,4.33,8.71
DL00618,O01159,D046,V024,H06,26/07/2024 2:15,53:29.7,OnTime,14.66,2,0,4.62,9.48
DL00619,O00589,D146,V070,H08,23/05/2024 6:26,08:02.7,Failed,9.01,0,0,3.44,9.46
DL00620,O00642,D117,V098,H04,28/06/2024 3:31,36:27.3,OnTime,11.79,0,0,5,14.82
DL00621,O00838,D044,V110,H07,25/01/2025 0:38,06:47.1,OnTime,7.52,1,0,5,14.56
DL00622,O00939,D036,V097,H04,24/01/2025 2:51,54:04.1,OnTime,12.19,1,0,5,10
DL00623,O00751,D166,V120,H03,26/06/2024 3:25,03:25.1,OnTime,9.76,2,0,3.82,11.28
DL00624,O00486,D110,V098,H02,12/08/2024 17:01,38:04.6,OnTime,19.21,0,0,,15.84
DL00625,O00980,D098,V022,H04,25/11/2024 23:32,30:09.1,Delayed,19.05,1,1,1.83,20.54
DL00626,O00088,D082,V085,H05,14/06/2024 11:04,38:34.9,OnTime,18.51,1,0,4.57,17.13
DL00627,O00695,D142,V108,H06,19/03/2024 10:09,51:55.0,OnTime,10.41,0,0,4.25,17.46
DL00628,O00166,D115,V095,H03,30/05/2025 18:43,40:46.6,Delayed,10.81,1,0,4.06,11.58
DL00629,O00987,D057,V031,H08,23/05/2024 8:59,48:42.9,OnTime,14,1,0,3.96,7.1
DL00630,O00342,D153,V004,H08,13/11/2025 0:22,27:35.3,OnTime,13.33,0,0,3.97,5.52
DL00631,O01083,D124,V090,H01,05/05/2025 10:46,19:38.5,Delayed,13.35,1,0,2.82,10.41
DL00632,O00498,D076,V084,H07,28/10/2024 8:11,29:17.7,Delayed,13.26,0,0,1.74,14.75
DL00633,O00272,D127,V047,H05,11/12/2024 6:48,20:32.1,OnTime,11.86,2,0,4.06,13.31
DL00634,O00245,D077,V032,H02,08/08/2025 19:33,46:51.0,Delayed,11.96,1,0,2.3,9.41
DL00635,O00516,D053,V062,H06,08/06/2024 22:52,32:45.4,Failed,13.35,1,0,3.18,14.1
DL00636,O00880,D054,V104,H04,24/08/2024 19:54,15:28.9,OnTime,10.04,2,0,3.89,13.35
DL00637,O01069,D011,V046,H08,25/08/2025 3:45,09:57.4,OnTime,7.12,0,0,3.8,8.9
DL00638,O00749,D091,V045,H05,14/08/2025 20:13,31:39.0,Delayed,14.19,0,0,4.22,10.35
DL00639,O00090,D053,V073,H07,23/10/2024 6:26,29:56.1,OnTime,9.72,0,0,4.45,16.68
DL00640,O00840,D119,V093,H08,28/03/2024 19:02,58:27.5,OnTime,11.78,2,0,5,10.44
DL00641,O00955,D092,V010,H01,04/01/2025 17:23,38:24.5,Failed,10.48,0,0,2.54,13.58
DL00642,O00212,D153,V024,H07,04/01/2025 23:50,23:43.9,OnTime,20.42,1,0,4.48,14.05
DL00643,O00926,D114,V047,H02,03/07/2024 2:35,53:51.4,OnTime,13.71,2,0,4.5,15.88
DL00644,O00585,D097,V119,H01,25/02/2025 14:04,40:11.7,Failed,6.36,0,0,3.11,13.31
DL00645,O00158,D129,V090,H02,11/07/2024 17:47,44:12.7,Failed,6.06,2,0,2.77,13.29
DL00646,O00707,D023,V100,H06,10/11/2024 6:33,57:20.6,OnTime,8.31,0,0,4.38,4.79
DL00647,O00550,D067,V001,H02,19/01/2025 2:17,38:11.2,OnTime,8.7,1,0,4.52,10.41
DL00648,O00551,D143,V045,H02,16/06/2024 13:01,08:30.3,OnTime,9.21,0,0,4.43,14.38
DL00649,O00110,D075,V073,H01,23/08/2024 13:10,46:36.2,OnTime,9.4,1,0,5,12.55
DL00650,O00106,D097,V035,H01,29/11/2025 6:15,03:53.8,OnTime,8.16,0,0,4.26,11.01
DL00651,O00107,D090,V022,H04,14/11/2024 1:39,26:39.1,Delayed,6.01,1,0,3.71,9.58
DL00652,O00928,D129,V028,H07,28/02/2024 14:26,02:52.2,OnTime,14.7,1,0,3.65,7.18
DL00653,O00076,D043,V096,H04,25/12/2025 5:43,29:42.6,Delayed,12.43,3,0,2.71,13.03
DL00654,O00897,D078,V057,H04,21/09/2025 21:38,,Failed,17.42,0,0,2.92,13.13
DL00655,O01222,D156,V042,H08,10/09/2025 3:29,38:01.8,OnTime,12.34,1,0,4.66,3.15
DL00656,O00747,D134,V089,H03,05/08/2025 9:12,00:15.2,OnTime,15.27,0,0,,12.29
DL00657,O00674,D145,V072,H01,11/08/2025 17:47,13:33.1,Failed,14.98,2,0,1.95,17.49
DL00658,O01123,D001,V073,H04,31/01/2024 7:38,27:27.9,Failed,6.23,1,0,4.41,6.01
DL00659,O00308,D046,V082,H02,28/03/2025 16:40,35:29.9,OnTime,34.92,2,0,4.31,16.73
DL00660,O00016,D008,V001,H02,29/07/2025 13:52,01:03.0,OnTime,16.1,2,0,3.36,14.03
DL00661,O01038,D145,V067,H03,01/12/2024 1:45,12:26.0,OnTime,19.41,2,0,4.41,17.61
DL00662,O00365,D118,V013,H03,11/01/2024 13:00,14:42.4,OnTime,21.14,0,0,4.62,16.89
DL00663,O00865,D017,V070,H03,22/03/2024 1:14,15:39.5,OnTime,15.24,1,0,3.19,16.61
DL00664,O00430,D152,V027,H07,15/01/2025 3:49,16:09.6,Failed,20.64,1,1,3.36,25.46
DL00665,O00268,D124,V100,H03,29/01/2024 8:37,14:11.3,Delayed,20.03,3,1,2.49,15.01
DL00666,O00350,D055,V066,H05,20/11/2024 4:37,18:52.3,OnTime,5.38,0,0,4.67,10.56
DL00667,O01088,D049,V087,H08,02/12/2024 12:50,12:08.9,OnTime,9.91,1,0,4.8,13.21
DL00668,O01140,D107,V018,H05,26/09/2025 1:35,09:15.4,OnTime,19.54,0,0,4.57,16.84
DL00669,O01235,D039,V001,H08,01/06/2025 3:54,41:07.9,OnTime,15.65,0,0,3.31,12.4
DL00670,O01248,D098,V006,H04,30/08/2024 19:26,46:01.4,OnTime,11.65,1,0,4.28,17.56
DL00671,O00005,D054,V073,H03,17/02/2025 20:23,05:00.0,OnTime,16.01,1,0,4.38,13.53
DL00672,O00017,D108,V030,H02,27/05/2025 11:38,21:51.6,OnTime,35.33,5,0,4.94,19.77
DL00673,O00651,D125,V047,H03,29/09/2024 10:51,22:58.2,OnTime,13.26,0,0,4.71,11.92
DL00674,O00456,D005,V078,H01,16/01/2024 4:57,20:05.0,OnTime,12.96,1,0,4.96,8.1
DL00675,O00436,D120,V008,H07,29/01/2025 18:44,32:00.0,OnTime,23.299999999999997,3,0,3.5,13.77
DL00676,O00515,D033,V027,H05,03/02/2024 12:39,14:23.6,OnTime,3.67,1,0,3.87,10.33
DL00677,O00528,D001,V036,H03,13/10/2024 11:51,30:51.4,OnTime,18.36,2,0,3.82,10.56
DL00678,O00441,D133,V119,H07,01/04/2025 12:54,37:24.7,OnTime,8.13,0,0,4.29,6.46
DL00679,O01122,D008,V098,H04,06/10/2025 7:57,15:06.2,Delayed,1.2,2,0,2.15,12.25
DL00680,O01148,D064,V056,H04,19/11/2024 6:45,09:27.8,OnTime,12.17,0,0,4.49,8.14
DL00681,O01197,D046,V033,H01,27/01/2024 2:16,15:53.2,Delayed,13.28,0,0,1.97,18.74
DL00682,O00264,D039,V004,H08,12/08/2025 12:49,08:01.7,OnTime,11.86,0,0,5,14.2
DL00683,O00560,D102,V008,H03,05/08/2025 18:41,14:19.5,Delayed,21.04,0,0,2.52,19.01
DL00684,O00986,D026,V027,H08,06/02/2024 11:40,38:29.7,Delayed,12.6,1,1,3.71,10.36
DL00685,O00113,D002,V042,H03,12/02/2024 5:54,59:20.7,Failed,10.66,1,0,2.68,10.8
DL00686,O00523,D083,V002,H08,04/11/2025 8:01,17:37.4,OnTime,24.04,3,0,5,12.99
DL00687,O00328,D168,V072,H06,12/09/2024 7:45,31:07.1,OnTime,16.38,2,0,5,15.23
DL00688,O00385,D117,V068,H03,24/10/2025 17:08,53:05.7,OnTime,17.58,0,0,4.16,13.79
DL00689,O00165,D087,V048,H07,16/03/2024 15:57,28:39.2,OnTime,16.14,1,0,4.14,18.83
DL00690,O00129,D167,V096,H01,12/12/2024 5:16,27:02.1,Failed,17.64,0,0,2.59,15.08
DL00691,O00022,D055,V091,H01,20/04/2025 21:40,33:54.6,Delayed,4.45,0,0,4.36,13.49
DL00692,O00176,D093,V100,H07,15/04/2025 11:14,40:03.1,OnTime,14.91,0,0,3.65,16.9
DL00693,O00154,D137,V063,H03,20/08/2024 6:10,47:35.3,Delayed,13.63,0,0,2.62,11.31
DL00694,O00457,D087,V038,H05,31/03/2024 9:26,43:50.3,Failed,14.66,0,1,1.68,13.68
DL00695,O00195,D017,V067,H06,02/06/2024 20:32,47:53.3,Delayed,18.13,1,0,3.49,16.69
DL00696,O01210,D016,V035,H07,01/04/2025 13:32,43:32.0,OnTime,4.73,2,0,3.18,11.48
DL00697,O00117,D010,V080,H06,10/06/2024 11:21,34:18.1,OnTime,13.19,1,0,5,10.04
DL00698,O00882,D101,V092,H07,01/09/2024 12:12,24:02.7,Failed,10.97,0,0,3.6,15.95
DL00699,O00388,D133,V091,H02,07/10/2025 0:43,23:12.3,OnTime,13.59,1,0,4.11,13.94
DL00700,O00027,D099,V115,H06,26/02/2025 2:22,50:34.9,OnTime,8.6,1,0,5,9.3
DL00701,O00440,D077,V084,H08,03/12/2024 3:36,00:24.4,Failed,12.65,0,0,5,10.83
DL00702,O00143,D104,V086,H06,07/03/2025 13:02,13:35.3,OnTime,18.33,2,0,4.86,10.36
DL00703,O01098,D136,V020,H06,24/04/2025 9:34,44:51.8,Delayed,11.16,1,0,2.82,12.56
DL00704,O01009,D058,V084,H08,01/06/2024 6:49,25:55.0,OnTime,1.84,0,0,4.35,5.9
DL00705,O00084,D010,V061,H03,13/05/2025 8:46,31:07.4,Failed,15.18,2,0,4.04,12.68
DL00706,O00625,D164,V117,H08,12/07/2025 6:16,40:23.0,OnTime,15.14,0,0,4.37,11.27
DL00707,O00514,D022,V013,H02,12/11/2025 8:13,49:00.0,OnTime,9.89,1,0,4.15,16.04
DL00708,O00323,D089,V035,H07,01/11/2024 15:56,54:40.4,OnTime,7.15,1,0,4.49,3.79
DL00709,O00580,D125,V020,H02,12/02/2024 7:41,11:17.2,Delayed,14.43,1,1,4.39,8.47
DL00710,O00262,D116,V119,H06,28/02/2024 6:22,32:37.3,OnTime,1.39,2,0,4.12,12.47
DL00711,O00484,D028,V120,H08,10/03/2024 14:43,39:05.4,OnTime,16.19,3,0,3.77,8.83
DL00712,O01056,D134,V012,H07,20/12/2024 0:40,07:55.4,Delayed,11.83,1,0,4.95,3.1
DL00713,O00728,D044,V039,H03,21/10/2024 6:15,27:26.2,OnTime,21.4,0,0,4.63,26.99
DL00714,O00078,D140,V110,H04,06/10/2025 5:23,04:38.4,OnTime,10.21,0,0,4.53,20.77
DL00715,O00621,D148,V098,H02,15/05/2025 19:44,03:00.8,Delayed,37.21,2,0,4.05,18.77
DL00716,O00221,D158,V074,H08,06/10/2024 5:06,10:08.4,OnTime,3.43,1,0,3.66,8.24
DL00717,O00530,D106,V016,H01,31/03/2024 8:10,23:04.2,Delayed,28.07,3,0,4.26,17.52
DL00718,O00945,D067,V081,H01,10/11/2025 15:32,12:24.1,Delayed,9.2,0,0,2.3,15.84
DL00719,O00138,D124,V020,H08,02/10/2025 7:02,15:45.8,Delayed,16.1,1,0,3.88,18.38
DL00720,O01179,D097,V102,H06,13/10/2025 21:10,32:17.3,Delayed,9.37,1,0,3,9.84
DL00721,O00742,D086,V017,H04,27/08/2025 17:58,37:04.7,Delayed,29.21,1,0,3.51,23.07
DL00722,O00289,D097,V083,H04,24/08/2024 2:33,27:20.6,OnTime,16.76,0,0,4.24,19.9
DL00723,O00477,D050,V108,H03,29/10/2025 14:40,19:52.5,Delayed,6.67,2,1,3.25,17.41
DL00724,O00024,D003,V042,H01,10/10/2024 7:43,21:10.4,OnTime,17.9,0,0,4.76,14.39
DL00725,O01115,D140,V094,H06,29/11/2025 0:00,20:28.0,Failed,13.65,1,0,2.1,12.34
DL00726,O00085,D045,V023,H03,02/03/2024 9:54,02:36.7,OnTime,14.37,0,0,5,2.5
DL00727,O00520,D164,V080,H08,07/07/2024 13:40,11:10.4,Delayed,5.25,0,0,3.43,3.23
DL00728,O00951,D128,V093,H01,30/04/2024 16:16,12:49.3,Delayed,11.96,0,1,4.54,8.65
DL00729,O00638,D004,V060,H04,26/05/2025 13:22,18:46.5,OnTime,5.33,1,0,4.2,9.65
DL00730,O00191,D170,V025,H05,02/04/2025 3:32,46:58.7,OnTime,8.68,1,0,4.06,5.48
DL00731,O00386,D158,V042,H05,16/12/2024 21:08,02:20.5,Failed,18.68,3,1,3.05,12.76
DL00732,O00748,D024,V076,H01,23/07/2025 6:45,06:33.8,Failed,11.16,1,0,3.55,15.34
DL00733,O00252,D009,V114,H03,10/03/2024 16:48,13:36.7,OnTime,21.06,0,0,3.48,18.64
DL00734,O00317,D106,V089,H02,19/01/2025 23:25,14:31.7,OnTime,12.54,0,0,3.99,12.79
DL00735,O00190,D150,V082,H01,28/12/2024 8:40,08:00.0,OnTime,13.27,0,0,3.68,10.58
DL00736,O00732,D123,V100,H02,05/06/2025 11:32,00:13.3,Failed,13.5,0,0,2.19,13.81
DL00737,O00247,D146,V015,H01,13/07/2024 21:14,35:31.7,OnTime,15.68,1,0,4.03,10.54
DL00738,O01163,D071,V022,H06,10/09/2024 1:38,25:27.4,Delayed,7.16,0,0,3.63,8.91
DL00739,O00644,D087,V078,H08,03/11/2025 10:33,52:43.4,Delayed,7.6,1,0,3.28,15.7
DL00740,O00889,D029,V021,H02,24/02/2024 23:01,20:53.8,OnTime,15.64,0,0,3.98,11.85
DL00741,O00689,D113,V091,H01,29/09/2025 16:16,27:15.7,Delayed,15.66,1,0,1.65,8.71
DL00742,O00326,D056,V033,H06,03/11/2024 10:06,59:58.2,Delayed,13.55,0,1,2.51,15.1
DL00743,O00171,D158,V083,H03,01/05/2025 3:28,30:56.6,OnTime,33.769999999999996,0,0,5,13.64
DL00744,O00899,D052,V062,H06,04/02/2025 9:43,30:54.8,Delayed,25.36,5,0,1.64,13.11
DL00745,O00333,D092,V072,H07,25/03/2025 6:36,16:54.9,Failed,11.35,0,0,4.29,13.37
DL00746,O00431,D002,V097,H02,29/03/2025 13:29,02:43.5,OnTime,14.4,1,0,3.32,11.96
DL00747,O00482,D008,V085,H08,10/11/2025 4:00,22:40.6,OnTime,15.25,1,0,4.27,12.88
DL00748,O00741,D156,V119,H04,30/05/2025 2:47,13:17.7,Delayed,32.739999999999995,1,0,,16.92
DL00749,O01036,D026,V013,H06,28/02/2024 20:38,29:47.1,OnTime,13.64,1,0,4.27,10.07
DL00750,O00976,D156,V109,H08,02/02/2024 19:55,06:57.0,Delayed,13.29,0,0,2.64,10.65
DL00751,O00234,D136,V073,H01,19/02/2025 12:33,19:04.4,OnTime,13.68,0,0,5,8.76
DL00752,O00020,D069,V013,H01,09/05/2024 23:04,49:00.0,OnTime,12.27,1,0,4.33,8.63
DL00753,O01139,D163,V101,H04,05/03/2024 15:46,19:36.2,OnTime,17.13,1,0,4.6,16.29
DL00754,O00605,D027,V023,H03,21/03/2025 15:02,30:56.0,OnTime,1.2,1,0,4.18,7.11
DL00755,O01073,D084,V024,H08,05/01/2024 5:34,45:54.5,Delayed,21.74,1,0,2.22,13.13
DL00756,O00112,D130,V034,H07,16/09/2024 8:59,27:00.0,OnTime,13.07,3,0,3.11,16.72
DL00757,O00074,D135,V002,H06,18/10/2025 14:03,07:10.5,Delayed,12.69,1,1,5,6.5
DL00758,O01126,D085,V043,H07,02/05/2025 17:34,21:46.2,Delayed,21.98,4,0,2.72,17.1
DL00759,O01240,D012,V120,H08,08/10/2025 15:19,32:38.8,OnTime,6.57,0,0,4.47,11.36
DL00760,O00226,D081,V030,H04,23/07/2024 14:20,40:22.7,OnTime,12.22,0,0,4.2,14.58
DL00761,O00810,D134,V088,H04,16/04/2024 4:12,34:09.0,OnTime,1.2,1,0,3.48,3.76
DL00762,O00864,D133,V002,H03,04/08/2024 1:29,51:39.0,OnTime,34.769999999999996,1,0,3.95,18.48
DL00763,O00837,D110,V059,H02,18/04/2024 19:06,31:48.5,Failed,16.1,0,1,3.96,13.38
DL00764,O01187,D049,V004,H07,17/11/2025 2:29,47:40.2,Delayed,14.53,0,0,2.42,10.58
DL00765,O00043,D126,V023,H06,01/01/2024 6:03,35:48.3,OnTime,16.23,1,0,4.81,15.76
DL00766,O00371,D082,V088,H07,27/01/2025 4:54,48:47.2,Failed,10.55,0,0,2.58,13.84
DL00767,O00948,D096,V099,H02,14/05/2025 5:19,53:57.0,Delayed,5.39,2,0,3.98,3.62
DL00768,O00800,D086,V043,H04,29/01/2024 2:36,44:35.3,Delayed,14.84,0,0,1.74,20.01
DL00769,O00957,D038,V048,H03,28/02/2024 3:47,42:47.1,OnTime,10.69,0,0,3.73,8.08
DL00770,O00217,D091,V077,H08,22/01/2024 8:17,25:22.1,OnTime,29.87,1,0,4.21,17.68
DL00771,O00257,D003,V116,H01,11/08/2024 3:42,16:26.1,OnTime,11.52,2,0,4.78,14.84
DL00772,O01108,D135,V058,H07,24/10/2024 7:22,22:16.4,OnTime,15.77,0,0,4.48,12.1
DL00773,O00080,D101,V050,H03,13/11/2025 5:00,21:31.9,OnTime,19.65,0,0,3.41,11.72
DL00774,O01180,D049,V032,H02,07/09/2024 21:42,19:33.8,Delayed,26.83,1,0,4.21,12.3
DL00775,O00153,D109,V040,H05,09/02/2025 9:08,51:56.1,Delayed,3.69,0,1,2.36,14.94
DL00776,O00383,D036,V069,H02,19/11/2024 17:12,56:11.4,OnTime,15.59,0,0,4.41,14.25
DL00777,O00316,D064,V088,H05,31/07/2025 14:43,19:27.0,OnTime,13.91,0,0,3.58,13.71
DL00778,O00965,D143,V005,H08,28/09/2024 17:43,06:23.1,Failed,18.34,3,0,2.96,12.7
DL00779,O01146,D127,V048,H08,17/11/2025 5:21,08:16.1,OnTime,6.04,1,0,4.27,15.07
DL00780,O01202,D155,V040,H01,14/11/2024 16:31,40:12.7,OnTime,12.72,0,0,3.64,15.59
DL00781,O00871,D082,V092,H02,24/12/2025 6:28,08:15.9,Failed,11.59,0,0,4.6,17.88
DL00782,O00602,D019,V030,H07,11/12/2025 11:15,39:43.4,Delayed,16.3,0,0,3.47,13.54
DL00783,O00380,D099,V015,H07,20/02/2025 0:44,49:44.8,Failed,8.95,2,1,1.67,16.86
DL00784,O00073,D095,V039,H05,31/03/2025 5:10,01:35.2,Delayed,5.24,0,1,2.29,13.26
DL00785,O00726,D099,V031,H01,05/02/2024 0:29,55:03.8,OnTime,18.599999999999998,1,0,4.22,17.03
DL00786,O00232,D083,V088,H06,05/06/2025 22:06,04:10.7,OnTime,15.42,0,0,5,14.69
DL00787,O00102,D159,V071,H06,22/05/2024 0:18,52:19.8,OnTime,11.22,3,0,4.01,9.72
DL00788,O00927,D108,V058,H05,07/05/2025 5:03,15:39.1,Failed,10.39,0,0,4.32,19.57
DL00789,O00536,D103,V031,H06,03/11/2025 11:23,13:51.4,Failed,15.28,3,1,3.03,11.56
DL00790,O00628,D170,V039,H08,26/10/2024 12:51,56:55.7,Delayed,12.25,0,1,3.68,5.21
DL00791,O01047,D085,V116,H01,10/11/2025 17:11,04:01.9,OnTime,21.48,1,0,4.67,22.23
DL00792,O00033,D106,V094,H08,30/12/2025 21:39,37:51.1,Failed,14.69,1,0,3.2,16.8
DL00793,O00095,D119,V043,H03,15/05/2025 14:55,44:08.3,OnTime,17.36,2,0,4.7,14.29
DL00794,O00265,D052,V079,H04,19/05/2024 2:54,03:52.7,Delayed,12.37,1,0,1.76,17.61
DL00795,O00151,D068,V062,H05,02/03/2025 11:55,00:58.7,OnTime,2.99,0,0,4.03,9.67
DL00796,O00860,D139,V098,H05,26/04/2024 22:58,15:49.3,OnTime,19.21,2,0,4.08,14.76
DL00797,O00894,D138,V066,H01,15/01/2024 1:08,42:43.9,Delayed,11.19,1,0,3.85,5.56
DL00798,O00850,D046,V073,H07,31/07/2024 22:19,44:15.5,OnTime,12.93,2,0,4.63,14.15
DL00799,O01233,D125,V103,H04,25/04/2024 19:34,,OnTime,11.72,1,0,4.41,9.63
DL00800,O01147,D001,V008,H02,20/04/2024 0:58,46:46.1,Delayed,10.59,1,0,3.41,13.12
DL00801,O00463,D151,V118,H07,20/02/2025 2:40,53:27.0,OnTime,12.81,0,0,3.78,18.21
DL00802,O00691,D092,V086,H08,18/11/2024 3:56,22:24.2,OnTime,11.27,0,0,3.79,9.97
DL00803,O00368,D080,V093,H05,05/12/2024 0:47,50:15.1,OnTime,13.02,3,0,3.98,12.99
DL00804,O00015,D052,V097,H03,09/11/2025 5:43,20:46.1,OnTime,9.3,1,0,3.94,9.13
DL00805,O00215,D033,V057,H07,07/01/2024 12:44,01:00.0,OnTime,16.4,2,0,4.73,9.99
DL00806,O00128,D117,V108,H07,28/12/2025 14:40,18:53.7,Delayed,40.11,2,1,2.68,24.27
DL00807,O00089,D103,V061,H05,24/04/2025 20:33,18:14.0,Failed,1.2,2,0,2.8,8.46
DL00808,O00993,D055,V009,H04,07/06/2025 23:43,37:55.0,OnTime,10.76,1,0,4.77,9.73
DL00809,O01071,D043,V051,H05,27/02/2025 0:21,48:45.9,Delayed,13.21,1,1,4.41,16.54
DL00810,O00116,D120,V053,H08,09/03/2025 16:49,25:37.0,OnTime,15.23,0,0,5,11.22
DL00811,O00404,D160,V082,H01,17/10/2025 23:22,59:16.2,OnTime,8.18,0,0,3.16,10.81
DL00812,O01016,D073,V059,H02,04/06/2024 0:55,47:55.0,OnTime,23.74,4,0,5,11.75
DL00813,O00869,D144,V045,H01,26/02/2024 7:08,52:48.6,OnTime,14.17,0,0,3.56,13.63
DL00814,O00471,D123,V060,H04,07/06/2025 15:06,22:06.3,OnTime,8.94,0,0,3.81,12.08
DL00815,O00771,D134,V119,H03,27/07/2025 23:16,38:20.5,Delayed,13.86,0,0,2.94,18.01
DL00816,O00857,D017,V047,H05,20/05/2025 21:07,41:43.6,OnTime,1.2,1,0,3.44,13.41
DL00817,O00356,D097,V078,H01,27/05/2025 5:41,33:29.6,OnTime,10.07,0,0,3.25,17.74
DL00818,O01000,D035,V120,H07,15/11/2025 22:28,01:40.8,OnTime,35.25,1,0,5,23.18
DL00819,O00892,D142,V025,H03,08/10/2025 3:49,54:14.9,Delayed,32.56,2,0,,17.18
DL00820,O01192,D069,V030,H05,13/12/2024 17:39,45:53.9,Delayed,30.97,2,0,3.07,21.48
DL00821,O00424,D074,V080,H07,11/07/2025 10:13,18:17.6,OnTime,1.9,4,0,3.85,9.03
DL00822,O00109,D084,V032,H03,24/10/2025 13:25,28:58.6,OnTime,6.47,1,0,3.13,12.84
DL00823,O00655,D104,V114,H08,01/11/2025 16:20,35:54.3,Failed,9.55,1,0,1.91,8.94
DL00824,O00369,D036,V080,H02,02/10/2024 13:42,44:49.8,Failed,10.19,2,0,4.45,7.81
DL00825,O01004,D147,V007,H05,21/09/2024 20:08,23:36.9,Failed,11.9,0,0,2.26,21.03
DL00826,O01087,D089,V021,H01,14/12/2025 8:53,01:02.9,OnTime,24.560000000000002,1,0,3.83,14.2
DL00827,O00079,D065,V030,H01,10/03/2025 6:56,06:19.8,OnTime,16.9,2,0,4.87,11.29
DL00828,O00879,D119,V069,H07,04/07/2025 2:40,08:31.7,OnTime,8.27,0,0,4.79,14.23
DL00829,O00426,D101,V008,H03,28/09/2024 15:10,18:55.5,OnTime,7.91,2,0,3.83,6.45
DL00830,O01114,D164,V071,H01,14/12/2024 0:50,09:00.0,OnTime,11.1,2,0,4.33,10.17
DL00831,O00023,D133,V053,H08,05/10/2025 5:51,17:27.4,Failed,15.56,0,1,2.38,10.87
DL00832,O01143,D083,V109,H06,16/06/2025 2:45,02:41.8,Failed,18.52,0,0,4.27,13.94
DL00833,O00712,D169,V106,H04,26/05/2025 11:52,09:55.9,OnTime,16.28,0,0,4.22,17.55
DL00834,O01165,D022,V099,H02,13/12/2025 7:00,03:16.9,OnTime,15.51,2,0,4.58,9.85
DL00835,O00188,D096,V005,H05,09/09/2025 4:34,10:45.2,Delayed,13.48,1,0,2.68,14.25
DL00836,O00206,D095,V057,H01,10/12/2025 16:47,,Failed,6.64,1,0,2.74,9.53
DL00837,O01092,D052,V074,H03,10/12/2025 15:10,02:35.0,OnTime,5.31,0,0,3.76,9.42
DL00838,O00909,D117,V103,H03,05/01/2025 3:05,48:03.2,Failed,14.62,1,1,2.31,20.66
DL00839,O00566,D078,V096,H03,07/04/2024 1:03,40:24.6,Failed,7.89,2,1,1.65,11.74
DL00840,O01162,D102,V106,H04,09/06/2025 11:40,15:00.0,OnTime,7.84,0,0,4.18,13.23
DL00841,O00733,D006,V068,H02,06/08/2024 8:40,32:19.4,OnTime,15.77,1,0,3.39,11.44
DL00842,O00405,D102,V114,H07,14/02/2024 12:17,30:15.2,OnTime,5.55,1,0,3.88,8.89
DL00843,O00804,D138,V012,H05,13/03/2024 10:34,16:16.2,OnTime,17.19,1,0,4.66,12.85
DL00844,O00991,D168,V093,H03,03/01/2025 18:00,49:34.9,OnTime,10.66,1,0,4.63,20.41
DL00845,O01218,D162,V047,H05,15/03/2025 4:24,23:14.3,OnTime,32.79,2,0,4.64,13.5
DL00846,O01118,D038,V004,H03,26/02/2024 19:54,58:17.4,OnTime,17.64,0,0,4.01,17.89
DL00847,O00134,D154,V035,H07,22/12/2024 18:38,50:09.9,OnTime,1.46,0,0,4.09,7.98
DL00848,O00633,D080,V091,H08,12/02/2024 13:23,55:42.8,OnTime,20.029999999999998,3,0,3.93,10.97
DL00849,O00169,D160,V016,H08,03/12/2025 14:32,00:07.4,OnTime,8.52,2,0,4.31,13.73
DL00850,O00444,D060,V055,H05,30/08/2025 19:20,59:39.8,OnTime,4.26,4,0,4.32,8.71
DL00851,O01022,D141,V053,H04,16/03/2024 17:31,55:48.7,Delayed,2.38,0,0,3.21,3.58
DL00852,O00974,D013,V052,H03,11/06/2025 1:17,21:30.6,OnTime,15.52,1,0,4.65,18.68
DL00853,O00178,D073,V086,H01,30/03/2024 21:03,39:18.3,OnTime,12.77,3,0,4.19,15.35
DL00854,O00954,D099,V055,H04,14/07/2024 3:27,39:46.3,Delayed,7.05,0,1,3.2,11.41
DL00855,O00409,D154,V076,H08,08/01/2025 12:04,15:54.1,Delayed,7.29,0,0,3.36,13.69
DL00856,O00223,D087,V083,H03,10/08/2025 18:09,02:42.3,OnTime,4.19,3,0,3.82,7.91
DL00857,O00292,D050,V045,H05,29/10/2025 18:17,11:21.3,Delayed,11.07,2,0,2.72,10.06
DL00858,O01075,D099,V007,H08,26/06/2024 10:08,44:24.1,OnTime,9.72,1,0,4.34,16.21
DL00859,O00512,D164,V052,H05,21/09/2024 11:04,34:35.8,Delayed,24.2,0,1,5,13.25
DL00860,O00280,D026,V027,H07,21/09/2025 0:35,59:07.7,OnTime,10.9,0,0,4.76,14.97
DL00861,O00381,D056,V094,H05,29/11/2024 0:04,39:14.8,OnTime,18.99,0,0,4.91,16.77
DL00862,O00031,D165,V037,H01,25/10/2024 4:57,32:20.9,Failed,8.4,1,0,1.41,9.28
DL00863,O00597,D044,V030,H01,09/01/2025 13:40,09:19.7,OnTime,16.47,2,0,3.51,14.48
DL00864,O00818,D135,V076,H06,27/10/2025 16:02,01:23.9,OnTime,11.68,0,0,3.14,18.27
DL00865,O00338,D148,V042,H01,26/12/2024 6:10,25:57.0,OnTime,7.72,0,0,3.6,16.7
DL00866,O00969,D096,V041,H02,14/10/2024 22:32,02:29.8,OnTime,5.1,0,0,5,15.22
DL00867,O01117,D089,V079,H02,20/06/2025 1:47,09:47.2,OnTime,23.28,4,0,3.45,11.6
DL00868,O00452,D104,V100,H04,27/11/2025 11:55,09:06.5,Failed,6.57,1,0,3.69,18.09
DL00869,O00038,D118,V119,H05,06/10/2025 20:46,44:16.7,OnTime,9.15,2,0,5,10.32
DL00870,O00650,D078,V110,H03,30/09/2025 12:39,21:55.7,OnTime,24.94,2,0,3.8,14.11
DL00871,O00715,D037,V047,H01,17/06/2025 16:20,03:48.1,OnTime,9.43,0,0,4.03,16.6
DL00872,O00144,D120,V001,H03,03/11/2025 22:12,41:26.6,Delayed,15.53,1,0,3.54,11.71
DL00873,O00401,D049,V107,H07,22/06/2024 12:48,19:08.7,OnTime,10.68,0,0,3.77,10.34
DL00874,O01012,D006,V088,H02,08/03/2025 5:38,05:25.6,Delayed,10.15,0,1,2.81,12.54
DL00875,O00189,D018,V052,H06,22/11/2025 8:49,14:04.0,OnTime,11.7,0,0,4.44,11.84
DL00876,O00609,D161,V035,H04,15/09/2024 7:47,49:21.7,OnTime,5.01,0,0,4.72,14.22
DL00877,O01193,D061,V087,H04,18/04/2025 0:35,54:09.2,OnTime,4.93,0,0,4.08,10.71
DL00878,O00629,D164,V016,H06,04/10/2024 7:36,57:13.9,OnTime,5.77,0,0,4.7,10.43
DL00879,O00139,D033,V013,H02,15/09/2025 19:42,58:23.7,Delayed,9.42,1,1,3.94,10.97
DL00880,O00273,D047,V098,H04,28/02/2025 2:41,58:54.6,OnTime,7.39,0,0,4.49,9.91
DL00881,O00632,D127,V032,H01,09/08/2024 22:03,52:23.2,Delayed,12.77,5,1,3.32,11.86
DL00882,O01151,D039,V036,H03,26/06/2024 13:58,26:43.5,OnTime,3.86,0,0,4.76,7.4
DL00883,O00917,D101,V077,H02,07/04/2024 15:38,05:34.6,Delayed,11.42,0,1,2.31,14.58
DL00884,O00407,D056,V105,H01,23/02/2025 7:26,31:02.3,OnTime,12.58,1,0,4.81,14.99
DL00885,O00675,D126,V073,H06,19/02/2024 20:14,38:10.2,OnTime,15.92,0,0,4.37,16.87
DL00886,O00968,D050,V094,H02,21/11/2024 5:45,49:42.6,Delayed,1.2,2,0,3.45,10.2
DL00887,O00577,D155,V097,H02,09/06/2025 23:14,19:26.5,OnTime,29.9,0,0,4.18,18.94
DL00888,O01129,D055,V027,H07,23/03/2025 16:39,16:34.6,Failed,11.78,2,0,3.61,7.64
DL00889,O01172,D105,V002,H08,17/09/2024 20:42,31:55.6,Failed,7.09,0,1,4.37,11.81
DL00890,O00384,D103,V020,H03,01/01/2024 16:28,33:42.5,Delayed,9.61,0,0,3.51,9.44
DL00891,O00963,D013,V077,H07,06/06/2025 13:03,56:40.2,OnTime,9.94,0,0,4.61,14.44
DL00892,O00392,D163,V115,H07,24/11/2025 12:15,18:34.2,OnTime,9.31,1,0,4.42,14.7
DL00893,O00981,D062,V023,H05,11/01/2025 23:09,12:13.5,Delayed,25.18,1,0,4.52,10.11
DL00894,O00724,D094,V120,H06,18/11/2025 10:15,57:13.2,Delayed,25.57,0,0,2.58,20.64
DL00895,O01157,D068,V023,H07,08/07/2024 22:06,56:21.4,OnTime,17.68,1,0,4.43,9.26
DL00896,O00177,D042,V023,H06,25/12/2025 5:07,26:55.1,OnTime,11.26,1,0,4.39,12.49
DL00897,O00672,D084,V043,H07,04/01/2025 0:01,54:43.3,OnTime,33.64,2,0,4.06,29.43
DL00898,O00283,D088,V047,H07,26/05/2024 17:54,34:21.7,Delayed,10.44,3,0,3.85,17.21
DL00899,O00549,D129,V040,H08,14/08/2025 11:47,36:01.7,OnTime,5.78,2,0,3.72,9.14
DL00900,O00199,D039,V053,H07,02/10/2024 14:11,06:29.3,OnTime,12.4,0,0,5,8.44
DL00901,O00730,D099,V067,H05,19/09/2025 11:31,28:50.1,OnTime,13.94,1,0,3.7,13.05
DL00902,O00018,D015,V047,H06,08/03/2024 23:03,59:39.8,OnTime,17.27,0,0,5,12.37
DL00903,O00130,D130,V051,H03,11/01/2024 0:41,13:51.8,OnTime,19.22,4,0,3.42,14.82
DL00904,O01102,D160,V112,H04,19/08/2025 6:18,41:36.9,OnTime,32.81,0,0,4.79,16.84
DL00905,O01020,D028,V013,H04,23/10/2024 2:30,04:29.7,Delayed,30.71,1,0,3.81,18.26
DL00906,O01229,D168,V110,H08,27/05/2025 1:11,44:29.2,Failed,18.6,1,1,2.35,16.73
DL00907,O00884,D096,V103,H08,17/04/2024 2:46,08:07.6,OnTime,3.96,0,0,3.59,16.11
DL00908,O00145,D088,V042,H03,02/11/2024 11:50,56:28.6,OnTime,10.05,1,0,5,14.53
DL00909,O01204,D033,V001,H02,13/08/2025 17:56,26:21.4,Delayed,10.35,2,0,2.77,8.9
DL00910,O01002,D071,V005,H04,14/06/2024 9:09,29:41.1,Delayed,26.61,1,0,4.05,16.25
DL00911,O00806,D004,V119,H01,17/04/2025 16:52,40:49.6,OnTime,13.69,0,0,4.33,14.98
DL00912,O00355,D011,V095,H02,11/10/2025 0:12,59:08.9,Delayed,21.47,2,0,3.69,9.33
DL00913,O00239,D096,V081,H04,18/05/2024 6:34,24:14.0,OnTime,12.6,1,0,3.49,15.18
DL00914,O00270,D157,V006,H05,26/10/2025 17:01,58:50.3,OnTime,10.96,0,0,4.41,15.03
DL00915,O00873,D004,V047,H03,28/11/2024 13:17,51:16.7,OnTime,9.84,0,0,3.99,16.74
DL00916,O01100,D036,V049,H03,01/08/2025 15:41,52:41.6,OnTime,22.619999999999997,1,0,4.95,17.14
DL00917,O00700,D077,V102,H05,13/01/2024 4:19,59:11.9,OnTime,12.76,0,0,4.06,9.47
DL00918,O00645,D097,V086,H08,26/12/2024 21:17,43:50.6,OnTime,10.63,1,0,4.21,10.43
DL00919,O00763,D139,V097,H04,26/12/2025 20:25,44:12.2,OnTime,5.38,2,0,5,10.53
DL00920,O00686,D133,V034,H03,05/01/2025 15:05,10:59.4,Failed,5.08,1,1,3.09,4.15
DL00921,O00332,D063,V108,H08,04/01/2025 2:49,59:36.4,Failed,6.36,0,0,2.34,9.47
DL00922,O00399,D112,V090,H07,08/03/2024 19:10,43:49.2,Delayed,12.65,5,1,3.39,14.07
DL00923,O00047,D071,V012,H03,28/11/2025 4:59,50:08.5,OnTime,19.03,0,0,4.7,16.28
DL00924,O00717,D155,V027,H01,12/12/2024 23:23,04:50.3,OnTime,15.39,0,0,4.6,15.3
DL00925,O00003,D041,V100,H02,02/09/2025 16:59,50:39.6,Delayed,13.04,2,0,3.7,13.16
DL00926,O00574,D031,V046,H03,03/05/2024 3:01,58:56.4,OnTime,14.82,2,0,4.64,15.12
DL00927,O00335,D152,V077,H01,26/01/2024 3:48,24:27.5,OnTime,5.36,0,0,5,13.63
DL00928,O00100,D023,V101,H05,30/10/2025 22:51,39:28.3,Failed,12.72,0,1,3.15,21.6
DL00929,O00935,D033,V090,H05,14/09/2024 12:29,01:45.0,OnTime,15.41,0,0,4.51,15.11
DL00930,O00586,D016,V022,H07,31/03/2024 8:04,40:40.0,OnTime,9.03,0,0,,9.23
DL00931,O01171,D006,V062,H08,18/12/2024 3:47,24:20.5,Failed,16.08,1,0,2.2,13.75
DL00932,O01225,D080,V082,H04,27/12/2025 3:21,38:22.4,OnTime,8.94,0,0,3.18,11.22
DL00933,O01133,D032,V009,H02,23/12/2025 12:04,43:50.6,OnTime,12.66,1,0,3.83,14.09
DL00934,O00775,D071,V080,H02,05/03/2024 11:50,29:10.3,OnTime,20.86,0,0,4.35,10.59
DL00935,O00211,D107,V012,H08,14/02/2024 7:33,00:31.3,Failed,32.42,4,0,3.9,14.69
DL00936,O00372,D087,V098,H03,29/01/2025 15:05,49:44.6,OnTime,5.84,2,0,4.74,11.21
DL00937,O00001,D047,V090,H01,20/08/2024 16:29,52:56.2,OnTime,26.65,2,0,4.29,15.82
DL00938,O01246,D132,V109,H03,04/04/2024 3:20,45:58.5,Failed,36.94,0,0,2.58,20.16
DL00939,O00417,D007,V076,H01,10/01/2025 17:25,08:01.9,OnTime,1.2,0,0,4.17,11.3
DL00940,O00565,D133,V066,H04,01/07/2025 17:56,29:07.3,Delayed,16.19,1,0,2.58,7.05
DL00941,O00592,D125,V044,H03,06/05/2025 3:42,05:21.3,OnTime,13.31,1,0,3.8,13.15
DL00942,O01112,D013,V027,H04,24/09/2024 4:28,36:48.3,Failed,12.99,1,0,4.06,16.82
DL00943,O00967,D087,V082,H01,17/03/2024 17:18,14:16.0,OnTime,5.06,2,0,4.57,8.9
DL00944,O00336,D009,V067,H06,10/01/2024 6:09,20:19.9,OnTime,16.01,2,0,4.04,12.32
DL00945,O00197,D075,V074,H03,24/01/2025 5:04,26:38.8,OnTime,8.74,1,0,4.39,12.97
DL00946,O00982,D069,V058,H04,28/10/2025 8:18,56:03.7,OnTime,10.68,1,0,4.62,19.6
DL00947,O01082,D129,V019,H04,25/10/2024 15:52,23:40.7,OnTime,10.8,0,0,4.13,11.79
DL00948,O00863,D155,V111,H07,17/09/2025 19:05,28:30.4,OnTime,11.02,0,0,4.82,9.38
DL00949,O01106,D060,V005,H02,28/02/2024 1:58,58:31.7,OnTime,11.36,0,0,4.05,20.13
DL00950,O00744,D024,V014,H02,23/04/2025 5:31,48:21.2,OnTime,15.82,0,0,3.8,16.73
